"tipo";"en";"fr";"japones_literal";"propuesta_1";"propuesta_2";"propuesta_3";"decision";"glosario_actual";"notas";"japones_original";"gameKeys";"usos"
"region, zone";"Abalathia's Spine";"Abalathia";"Abalathia (nombre transcrito)";"Espinazo de Abalathia";"Cordillera de Abalathia";"Dorsal de Abalathia";"Abalathia";"";"";"アバラシア";"PlaceName#497.0,PlaceName#510.0";"map,marker,region,zone"
"region, zone";"The Black Shroud";"Forêt de Sombrelinceul / Sombrelinceul";"Bosque de la Vestidura Negra";"Sudario Negro";"Bosque del Sudario Negro";"Bosque Umbrío";"El Bosque del Velo Negro";"El Bosque del Velo Negro";"Decidir junto con Central/East/South/North Shroud.";"黒衣森";"PlaceName#23.0,PlaceName#507.0";"map,marker,region,zone"
"region";"The First";"Premier reflet";"Primer mundo";"Primer Reflejo";"El Primero";"";"El Primero";"";"Coordinar con The Source y los demás reflejos.";"第一世界";"PlaceName#3701.0";"map,region"
"region";"The High Seas";"Pleine mer";"Pesca Oceánica (inglés transcrito)";"Alta Mar";"Mar Abierto";"";"Alta Mar";"";"";"オーシャンフィッシング";"PlaceName#3443.0";"region"
"region";"The Northern Empty";"Mers du Nord";"Región de los mares del norte";"Vacío del Norte";"Mares del Norte";"Mar Septentrional";"Vacío del Norte";"";"";"北洋地域";"PlaceName#3702.0";"map,marker,region"
"region, zone";"The Sea of Stars";"Espace intersidéral";"Fuera del astro / espacio exterior al astro";"Mar de Estrellas";"Mar Estelar";"";"Mar de Estrellas";"";"";"星外 / 星外宙域";"PlaceName#3704.0,PlaceName#3742.0";"map,marker,region,zone"
"region";"The Source";"L'Origine / Monde primitif";"Mundo primordial / lago del comienzo";"Mundo Primordial";"El Origen";"La Fuente";"La Fuente";"el Origen";"Nombre compartido por el mundo y un lago. Puede requerir decisiones distintas por gameKey.";"原初世界 / 始まりの湖";"PlaceName#3039.0,PlaceName#3294.0,PlaceName#3700.0";"map,marker,region"
"region, zone";"The World Unsundered";"Ancien monde";"Mundo antiguo";"Mundo Indiviso";"Mundo sin Escindir";"Mundo Ancestral";"Mundo sin Escindir";"";"";"古代世界";"PlaceName#3705.0,PlaceName#3743.0";"map,marker,region,zone"
"region, zone";"Unlost World";"Monde inéphémère";"Mundo No Perdido (inglés transcrito)";"Mundo Imperecedero";"Mundo Recobrado";"Mundo imperdido";"Mundo Imperecedero";"el mundo imperdido";"Las alternativas difieren en el matiz de unlost; el japonés transcribe el inglés.";"アンロスト・ワールド";"PlaceName#4502.0,PlaceName#4513.0";"map,marker,region,zone"
"territory, zone";"Idyllshire";"Idyllée";"Idyllshire (nombre transcrito)";"Idilia";"Idyllshire";"";"Idilia";"";"";"イディルシャイア";"PlaceName#2082.0,PlaceName#4136.0";"aetheryte,map,marker,territory,zone"
"territory, zone";"Old Sharlayan";"Vieille Sharlayan";"Vieja Sharlayan (inglés transcrito)";"Vieja Sharlayan";"Sharlayan Antigua";"";"Vieja Sharlayan";"la Vieja Sharlayan";"";"オールド・シャーレアン";"PlaceName#3706.0,PlaceName#3744.0";"aetheryte,map,marker,territory,zone"
"territory, zone";"Rhalgr's Reach";"L'Étendue de Rhalgr";"Alcance de Rhalgr (inglés transcrito)";"Alcance de Rhalgr";"Refugio de Rhalgr";"Extensión de Rhalgr";"Refugio de Rhalgr";"la Extensión de Rhalgr";"";"ラールガーズリーチ";"PlaceName#2403.0,PlaceName#2504.0,PlaceName#4137.0";"aetheryte,duty,map,marker,territory,zone"
"territory, zone";"Solution Nine";"Solution Neuf";"Solución Nueve (inglés transcrito)";"Solución Nueve";"Solución 9";"";"Solución Nueve";"Solución Nueve";"Conservar la alusión al nombre Solution Nine al elegir su forma española.";"ソリューション・ナイン";"PlaceName#4503.0,PlaceName#4514.0";"aetheryte,duty,map,marker,territory,zone"
"zone";"ウルヴズジェイル";"Antre des loups";"Cárcel de los Lobos (inglés transcrito)";"Guarida de los Lobos";"La Lobera";"";"Guarida de los Lobos";"";"La columna EN contiene japonés. Coordinar con Wolves' Den Pier.";"ウルヴズジェイル";"PlaceName#501.0";"zone"
"zone";"ゴールドソーサー";"Gold Saucer";"Platillo Dorado (inglés transcrito)";"Platillo Dorado";"Platillo de Oro";"Gold Saucer";"Gold Saucer";"";"La columna EN contiene japonés. Misma decisión que The Gold Saucer.";"ゴールドソーサー";"PlaceName#503.0";"zone"
"territory";"<italic(1)>The Merchant's Tale<italic(0)>";"Contes du Camelot";"Relato del mercader viajero";"<italic(1)>El Relato del Mercader<italic(0)>";"<italic(1)>El Cuento del Mercader<italic(0)>";"Cuento del Mercader";"El Cuento del Mercader";"El Cuento del Mercader";"";"商客物語";"PlaceName#5372.0";"duty,map,territory"
"territory";"A Future Rewritten";"Avenirs réécrits";"Otro futuro";"Un Futuro Reescrito";"Un Porvenir Reescrito";"";"Un Futuro Reescrito";"";"";"もうひとつの未来";"PlaceName#5137.0";"duty,map,territory"
"territory";"Aetherochemical Research Facility";"Laboratoire de magismologie";"Instituto de investigación de ciencia mágica";"Centro de Investigación Eteroquímica";"Laboratorio de Investigación Eteroquímica";"";"Centro de Investigación Eteroquímica";"";"";"魔科学研究所";"PlaceName#2147.0";"duty,map,marker,territory"
"territory";"Akh Afah Amphitheatre";"Amphithéâtre d'Akh Afah";"Anfiteatro de Akh Afah";"Anfiteatro de Akh Afah";"Coliseo de Akh Afah";"";"Anfiteatro de Akh Afah";"";"";"アク・アファー円形劇場";"PlaceName#1399.0";"duty,map,territory"
"territory";"Alexandria Crater";"Vestiges d'Alexandrie";"Vestigios del reino de Alexandria";"Cráter de Alexandria";"Fosa de Alexandria";"";"Cráter de Alexandria";"";"";"アレクサンドリア王国跡地";"PlaceName#4762.0";"map,territory"
"territory";"Aloalo Island";"Île d'Aloalo";"Isla de Aloalo";"Isla de Aloalo";"Isla Aloalo";"";"Isla de Aloalo";"";"";"アロアロ島";"PlaceName#4383.0";"duty,map,territory"
"territory";"Alzadaal's Legacy";"Legs d'Alzadaal";"Ruinas submarinas de Alzadaal";"Legado de Alzadaal";"Herencia de Alzadaal";"";"Legado de Alzadaal";"Alzadaal's Legacy";"Protegido en el glosario; revisar esa protección si se traduce.";"アルザダール海底遺跡群";"PlaceName#4035.0,PlaceName#4154.0";"duty,map,marker,territory"
"territory";"Amdapor Keep";"Château d'Amdapor";"Antiguo castillo de Amdapor; variante con «expulsión del culto maligno»";"Fortaleza de Amdapor";"Castillo de Amdapor";"Bastión de Amdapor";"Fortaleza de Amdapor";"";"";"古城アムダプール / 邪教排撃 古城アムダプール";"PlaceName#128.0,PlaceName#1063.0";"duty,map,marker,territory"
"territory";"Andron";"Chambre à coucher";"Sala de descanso (inglés transcrito); variante con «posada»";"Andrón";"Sala de Reposo";"";"Andrón";"";"";"ナップルーム / ナップルーム(宿屋)";"PlaceName#2565.0,PlaceName#3818.0";"map,territory"
"territory";"Another Aloalo Island";"Île d'Aloalo annexe";"Otra historia de la isla de Aloalo";"Otra Isla de Aloalo";"Isla Aloalo Alternativa";"";"Otra Isla de Aloalo";"";"Coordinar con la variante base del mismo lugar.";"異聞アロアロ島";"PlaceName#4416.0";"duty,map,territory"
"territory";"Another Merchant's Tale";"Contes du Camelot annexes";"Otro relato del mercader viajero";"Otro Relato del Mercader";"Otro Cuento del Mercader";"";"Otro Cuento del Mercader";"";"Coordinar con la variante base del mismo lugar.";"異聞商客物語";"PlaceName#5474.0";"duty,territory"
"territory";"Another Mount Rokkon";"Mont Rokkon annexe";"Otra historia de la montaña de las seis raíces";"Otro Monte Rokkon";"Monte Rokkon Alternativo";"";"Otro Monte Rokkon";"";"Coordinar con la variante base del mismo lugar.";"異聞六根山";"PlaceName#4338.0";"duty,map,territory"
"territory";"Another Sil'dihn Subterrane";"Canalisations sildiennes annexes";"Otra historia de los canales de Sil'dih";"Otros Subterráneos de Sil'dih";"Canales Alternativos de Sil'dih";"";"Otros Canales de Sil'dih";"";"Coordinar con la variante base del mismo lugar.";"異聞シラディハ水道";"PlaceName#4227.0";"duty,map,territory"
"territory";"Archeia Harmonias";"La Bibliothèque Harmonia";"Biblioteca de guerra Harmonia";"Archivos de Harmonia";"Biblioteca de Harmonia";"";"Biblioteca de Harmonia";"";"";"ハルモニア戦争図書館";"PlaceName#4096.0";"duty,map,territory"
"territory";"Ascension";"Trône divin";"Trono de dios";"Ascensión";"La Ascensión";"";"Trono divino";"";"";"神の座";"PlaceName#4375.0";"duty,map,territory"
"territory";"Ashfall";"Bassin cendreux";"Trayecto de cenizas";"Lluvia de Cenizas";"Caída de Ceniza";"";"Lluvia de Cenizas";"";"";"灰の旅程";"PlaceName#3469.0";"duty,map,territory"
"territory";"Atlas Peak";"Mont Atlas";"Cumbre del Atlas";"Pico Atlas";"Cumbre del Atlas";"";"Pico Atlas";"";"";"アトラス山頂";"PlaceName#3217.0";"duty,map,territory"
"territory";"Aurum Vale";"Val d'Aurum";"Valle de Aurum (inglés transcrito); variante con «marcha entre la niebla»";"Valle de Aurum";"Valle Áureo";"";"Valle Áureo";"";"";"オーラムヴェイル / 霧中行軍 オーラムヴェイル";"PlaceName#65.0,PlaceName#1054.0";"duty,map,territory"
"territory";"Baelsar's Wall";"Muraille de Baelsar";"Gran muralla de Baelsar";"Muralla de Baelsar";"Muro de Baelsar";"";"Muralla de Baelsar";"";"";"バエサルの長城";"PlaceName#1857.0,PlaceName#2612.0";"duty,map,marker,territory"
"territory";"Bardam's Mettle";"Force de Bardam";"Senda de la hegemonía de Bardam";"Temple de Bardam";"Valor de Bardam";"";"Temple de Bardam";"Bardam's Mettle";"Protegido en el glosario; revisar esa protección si se traduce.";"バルダム覇道";"PlaceName#2833.0";"duty,map,marker,territory"
"territory";"Bentini Depot";"Gare de Bendini";"Estación de mercancías de Bentini";"Estación de Carga de Bentini";"Depósito de Bentini";"";"Estación de Carga de Bentini";"";"";"ベンティーニ貨物駅";"PlaceName#4763.0";"map,territory"
"territory";"Beyond the Stars";"Confins de l'univers";"Confín último del cielo";"Más Allá de las Estrellas";"Allende las Estrellas";"";"Más Allá de las Estrellas";"";"";"天の最果て";"PlaceName#4021.0";"duty,map,territory"
"territory";"Blasting Ring";"Ring du Bombardement brutal";"Ring del Bombardero (inglés transcrito)";"Cuadrilátero Explosivo";"Ring de las Explosiones";"";"Cuadrilátero Explosivo";"";"";"リング・オブ・ボンバー";"PlaceName#5114.0";"duty,map,territory"
"territory";"Blue Sky";"Ciel azur";"Cielo Azul (inglés transcrito)";"Cielo Azul";"Cielo Azur";"";"Cielo Azul";"";"";"ブルースカイ";"PlaceName#2548.0";"duty,map,territory"
"territory";"Blunderville";"Blunderville";"Blunderville (nombre inglés transcrito, villa de los errores)";"Villa Disparate";"Villa Traspiés";"";"Villa Disparate";"";"";"ブランダーヴィル";"PlaceName#4469.0";"duty,map,territory"
"territory";"Blunderville Square";"Square du Blunderville";"Plaza de Blunderville (inglés transcrito)";"Plaza de Villa Disparate";"Plaza de Blunderville";"";"Plaza de Villa Disparate";"";"";"ブランダーヴィルスクウェア";"PlaceName#4468.0";"map,territory"
"territory";"Bokairo Inn";"Auberge du Bokairo";"Pabellón con vistas al mar";"Posada Bokairo";"Posada del Bokairo";"";"Posada Bokairo";"";"";"望海楼";"PlaceName#1950.0,PlaceName#2413.0,PlaceName#2910.0";"aethernet,map,marker,territory"
"territory";"Bowl of Embers";"Cratère des tisons";"Lugar de culto del emperador de las llamas";"Cuenco de las Brasas";"Cráter de las Ascuas";"Cráter de las Brasas";"Cráter de las Brasas";"the Bowl of Embers";"Protegido en el glosario; revisar esa protección si se traduce.";"炎帝祭跡";"PlaceName#357.0";"duty,map,territory"
"territory";"Bozjan Southern Front";"Front sud de Bozja";"Frente meridional de Bozja";"Frente Sur de Bozja";"Frente Meridional de Bozja";"";"Frente Sur de Bozja";"";"";"南方ボズヤ戦線";"PlaceName#3534.0";"duty,map,territory"
"territory";"Brayflox's Longstop";"Bivouac de Brayflox";"Campamento de Brayflox; variante con «apoyo a la reconquista»";"Campamento de Brayflox";"Alto de Brayflox";"Refugio de Brayflox";"Campamento de Brayflox";"";"";"ブレイフロクスの野営地 / 奪還支援 ブレイフロクスの野営地";"PlaceName#36.0,PlaceName#212.0,PlaceName#685.0,PlaceName#1057.0";"duty,map,marker,territory"
"territory";"Break Room";"Salle de repos";"Sala para dormir una siesta";"Sala de Descanso";"Sala de Reposo";"";"Sala de Descanso";"";"";"仮眠室";"PlaceName#4759.0";"map,territory"
"territory";"Breath of the Creator";"Le Souffle du Créateur";"Aliento de Alexander (inglés transcrito)";"Aliento del Creador";"Soplo del Creador";"";"Aliento del Creador";"";"";"ブレス・オブ・アレキサンダー";"PlaceName#1841.0";"duty,map,territory"
"territory";"Bygone Gaol";"Prison d'Eulmore";"Bloque penitenciario de Eulmore";"Prisión Olvidada";"Antigua Prisión";"";"Prisión Olvidada";"";"";"ユールモア監獄棟";"PlaceName#3595.0";"duty,map,territory"
"territory";"Carteneau Flats: Borderland Ruins";"Ruines frontalières";"Llanuras de Carteneau: ruinas de la periferia";"Llanuras de Carteneau: Ruinas Fronterizas";"Llanuras de Carteneau: Vestigios de la Frontera";"";"Llanuras de Carteneau: Vestigios de la Frontera";"";"";"カルテノー平原：外縁遺跡群";"PlaceName#1374.0";"duty,map,territory"
"territory";"Castrum Marinum Drydocks";"Cale sèche de Castrum Marinum";"Dique seco de Castellum Marinum (nombre transcrito)";"Diques Secos de Castrum Marinum";"Astilleros de Castrum Marinum";"";"Diques Secos de Castrum Marinum";"";"";"カステッルム・マリヌム・ドライドック";"PlaceName#3581.0";"duty,map,territory"
"territory";"Cenote Ja Ja Gural";"Cénote Ja Ja Gural";"Cenote Ja Ja Gural (nombre transcrito)";"Cenote de Ja Ja Gural";"Cenote Ja Ja Gural";"";"Cenote de Ja Ja Gural";"";"";"セノーテ・ジャジャグラル";"PlaceName#5000.0";"duty,map,territory"
"territory";"Central Azys Lla";"Cœur d'Azys Lla";"Núcleo del continente mágico";"Azys Lla Central";"Centro de Azys Lla";"";"Azys Lla Central";"";"";"魔大陸中枢";"PlaceName#2179.0";"map,territory"
"territory";"Central Decks";"Secteur central RCI-03";"Tercera nave de clase Ragnarok: sección central del casco";"Cubiertas Centrales";"Sección Central";"";"Cubiertas Centrales";"";"";"ラグナロク級三番艦：艦体中央部";"PlaceName#1303.0";"duty,map,territory"
"territory";"Central Shroud";"Forêt centrale";"Bosque de la Vestidura Negra: bosque central";"Sudario Central";"Bosque Central";"Sudario Negro Central";"Bosque central";"el Sudario Central";"";"黒衣森：中央森林";"PlaceName#54.0";"duty,map,marker,territory"
"territory";"Central Thanalan";"Thanalan central";"Thanalan central";"Thanalan Central";"Centro de Thanalan";"";"Centro de Thanalan";"";"";"中央ザナラーン";"PlaceName#43.0";"duty,map,marker,territory"
"territory";"Chocobo Square";"Square des chocobos";"Plaza de los Chocobos (inglés transcrito)";"Plaza de los Chocobos";"Plaza Chocobo";"";"Plaza Chocobo";"";"";"チョコボスクウェア";"PlaceName#1500.0,PlaceName#1524.0";"aethernet,duty,map,mapsub,marker,territory"
"territory";"Cid's Memory";"Mémoire de Cid";"Espacio de los recuerdos de Cid";"Recuerdo de Cid";"Memoria de Cid";"";"Recuerdo de Cid";"";"";"シドの記憶空間";"PlaceName#3479.0";"duty,map,territory"
"territory";"Cinder Drift";"Les Nuées de Brandons";"Línea defensiva de Ghimlyt";"Deriva de Cenizas";"Nubes de Ascuas";"";"Deriva de Cenizas";"";"";"ギムリト防衛ライン";"PlaceName#3442.0";"duty,map,territory"
"territory";"Cloud Nine";"Le Petit Nuage / Les Neuf-Nuages";"Nube Nueve (inglés transcrito) / posada «Nueve Nubes»";"Novena Nube";"Las Nueve Nubes";"";"Novena Nube";"";"";"クラウドナイン / 旅籠「九つの雲」";"PlaceName#2310.0,PlaceName#4092.0";"duty,map,marker,territory"
"territory";"Coerthas Central Highlands";"Hautes terres du Coerthas central";"Tierras altas centrales de Coerthas";"Tierras Altas Centrales de Coerthas";"Altos Centrales de Coerthas";"";"Tierras Altas Centrales de Coerthas";"";"";"クルザス中央高地";"PlaceName#63.0";"duty,map,marker,territory"
"territory";"Coerthas Western Highlands";"Hautes terres du Coerthas occidental";"Tierras altas occidentales de Coerthas";"Tierras Altas Occidentales de Coerthas";"Altos Occidentales de Coerthas";"";"Tierras Altas Occidentales de Coerthas";"";"";"クルザス西部高地";"PlaceName#2200.0";"duty,map,marker,territory"
"territory";"Command Room";"Salle de commandement / Salon de l'Amiral";"Puente del Almirante: despacho del almirante / sala de mando";"Sala de Mando";"Sala de Comando";"";"Sala de Mando";"";"";"アドミラルブリッジ：提督室 / 司令室";"PlaceName#351.0,PlaceName#3500.0";"map,marker,territory"
"territory";"Company Workshop - Empyreum";"Atelier de compagnie - Empyrée";"Empíreo: taller subterráneo";"Taller de Compañía - Empíreo";"Taller de la Compañía Libre de el Empíreo";"";"Taller de Compañía - Empíreo";"";"El nombre del barrio depende de su propia decisión; aplicar la misma forma en toda la familia.";"エンピレアム：地下工房";"PlaceName#3693.0";"map,territory"
"territory";"Company Workshop - Mist";"Atelier de compagnie - Brumée";"Aldea de la Bruma: taller subterráneo";"Taller de Compañía - Bruma";"Taller de la Compañía Libre de la Bruma";"";"Taller de Compañía - Bruma";"";"El nombre del barrio depende de su propia decisión; aplicar la misma forma en toda la familia.";"ミスト・ヴィレッジ：地下工房";"PlaceName#1227.0";"map,territory"
"territory";"Company Workshop - Shirogane";"Atelier de compagnie - Shirogane";"Shirogane: taller subterráneo";"Taller de Compañía - Shirogane";"Taller de la Compañía Libre de Shirogane";"";"Taller de Compañía - Shirogane";"";"El nombre del barrio depende de su propia decisión; aplicar la misma forma en toda la familia.";"シロガネ：地下工房";"PlaceName#2271.0";"map,territory"
"territory";"Company Workshop - The Goblet";"Atelier de compagnie - La Coupe";"Butte de la Copa: taller subterráneo";"Taller de Compañía - La Copa";"Taller de la Compañía Libre de la Copa";"";"Taller de Compañía - El Cáliz";"";"El nombre del barrio depende de su propia decisión; aplicar la misma forma en toda la familia.";"ゴブレットビュート：地下工房";"PlaceName#1228.0";"map,territory"
"territory";"Company Workshop - The Lavender Beds";"Atelier de compagnie - Lavandière";"Lechos de Lavanda: taller subterráneo";"Taller de Compañía - Lavandales";"Taller de la Compañía Libre de los Lavandales";"";"Taller de Compañía - Las Camas de Lavanda";"";"El nombre del barrio depende de su propia decisión; aplicar la misma forma en toda la familia.";"ラベンダーベッド：地下工房";"PlaceName#1229.0";"map,territory"
"territory";"Containment Bay P1T6";"Unité de contention P1P6";"Bahía de Contención P1T6 (inglés transcrito)";"Bahía de Contención P1T6";"Cámara de Contención P1T6";"";"Cámara de Contención P1T6";"";"";"コンテイメントベイP1T6";"PlaceName#2265.0";"duty,map,territory"
"territory";"Containment Bay S1T7";"Unité de contention S1P7";"Bahía de Contención S1T7 (inglés transcrito)";"Bahía de Contención S1T7";"Cámara de Contención S1T7";"";"Cámara de Contención S1T7";"";"";"コンテイメントベイS1T7";"PlaceName#2256.0";"duty,map,territory"
"territory";"Containment Bay Z1T9";"Unité de contention Z1P9";"Bahía de Contención Z1T9 (inglés transcrito)";"Bahía de Contención Z1T9";"Cámara de Contención Z1T9";"";"Cámara de Contención Z1T9";"";"";"コンテイメントベイZ1T9";"PlaceName#2266.0";"duty,map,territory"
"territory";"Containment Complex 10-29";"Division d'entreposage 10-29";"Compartimento de almacenamiento 10-29";"Complejo de Contención 10-29";"Recinto de Contención 10-29";"";"Recinto de Contención 10-29";"";"";"格納殻10-29";"PlaceName#4948.0";"map,territory"
"territory";"Copperbell Mines";"Mines de Clochecuivre";"Minas de cobre de Copperbell; variante con «galería clausurada»";"Minas de Campanacobre";"Minas de la Campana de Cobre";"Minas de Copperbell";"Minas de Campanacobre";"";"Copperbell es descriptivo; las opciones permiten traducirlo o conservar esa parte.";"カッパーベル銅山 / 封鎖坑道 カッパーベル銅山";"PlaceName#48.0,PlaceName#267.0,PlaceName#1052.0";"duty,map,marker,territory"
"territory";"Cutter's Cry";"Gouffre hurlant";"Grito del Cortador (inglés transcrito); variante con «laberinto de arenas movedizas»";"Grito del Cortador";"Garganta del Aullido";"Grito del Cantero";"Garganta del Aullido";"";"";"カッターズクライ / 流砂迷宮 カッターズクライ";"PlaceName#47.0,PlaceName#377.0,PlaceName#1061.0";"duty,map,marker,territory"
"territory";"Dalamud's Shadow";"Ombrage du Météore";"Lugar a la sombra del Meteoro";"Sombra de Dalamud";"Umbría de Dalamud";"";"Sombra de Dalamud";"";"";"メテオの陰地";"PlaceName#1301.0";"duty,map,territory"
"territory";"Deltascape V1.0";"Deltastice v1.0";"Mundo de pruebas «Delta» V1.0";"Deltascape V1.0";"Deltamundo V1.0";"Deltapanorama V1.0";"Deltascape V1.0";"";"Aplicar el mismo criterio a las tres familias y conservar la versión.";"被検世界「デルタ」V1.0";"PlaceName#2357.0";"duty,map,territory"
"territory";"Deltascape V2.0";"Deltastice v2.0";"Mundo de pruebas «Delta» V2.0";"Deltascape V2.0";"Deltamundo V2.0";"Deltapanorama V2.0";"Deltascape V2.0";"";"Aplicar el mismo criterio a las tres familias y conservar la versión.";"被検世界「デルタ」V2.0";"PlaceName#2358.0";"duty,map,territory"
"territory";"Deltascape V3.0";"Deltastice v3.0";"Mundo de pruebas «Delta» V3.0";"Deltascape V3.0";"Deltamundo V3.0";"Deltapanorama V3.0";"Deltascape V3.0";"";"Aplicar el mismo criterio a las tres familias y conservar la versión.";"被検世界「デルタ」V3.0";"PlaceName#2359.0";"duty,map,territory"
"territory";"Deltascape V4.0";"Deltastice v4.0";"Mundo de pruebas «Delta» V4.0";"Deltascape V4.0";"Deltamundo V4.0";"Deltapanorama V4.0";"Deltascape V4.0";"";"Aplicar el mismo criterio a las tres familias y conservar la versión.";"被検世界「デルタ」V4.0";"PlaceName#2360.0";"duty,map,territory"
"territory";"Demolition Site";"Site de con<->struc<->tion du huitième étage";"Zona de construcción del octavo nivel";"Zona de Demolición";"Área de Demolición";"";"Zona de Demolición";"";"";"第八層建設区域";"PlaceName#5155.0";"duty,map,territory"
"territory";"Doma Castle";"Château de Doma";"Castillo de Doma / frente al castillo de Doma";"Castillo de Doma";"Fortaleza de Doma";"";"Castillo de Doma";"el Castillo de Doma";"";"ドマ城 / ドマ城前";"PlaceName#1037.0,PlaceName#2810.0";"duty,map,marker,territory"
"territory";"Dreamlike Palace";"Palais au parfum onirique";"Palacio que desprende aroma de sueños";"Palacio Onírico";"Palacio de Ensueño";"";"Palacio Onírico";"";"";"夢香る宮殿";"PlaceName#5121.0";"duty,map,marker,territory"
"territory";"Dusk Vigil";"Vigile du Crépuscule";"Vigilia del Crepúsculo (inglés transcrito)";"Vigilia del Crepúsculo";"Vigía del Ocaso";"";"Vigilia del Crepúsculo";"";"";"ダスクヴィジル";"PlaceName#2214.0";"duty,map,marker,territory"
"territory";"Dzemael Darkhold";"Forteresse de Dzemael";"Fortaleza de Dzemael; variante con «operación de limpieza»";"Fortaleza de Dzemael";"Bastión Oscuro de Dzemael";"";"Fortaleza de Dzemael";"";"";"ゼーメル要塞 / 掃討作戦 ゼーメル要塞";"PlaceName#64.0,PlaceName#399.0,PlaceName#1062.0";"duty,map,marker,territory"
"territory";"Earthen Sky Hideout";"Refuge des Cavernes célestes";"Escondite de la galería del cielo";"Refugio del Cielo Subterráneo";"Escondite del Cielo de Tierra";"";"Refugio del Cielo Subterráneo";"";"";"空の坑道のアジト";"PlaceName#4748.0";"map,marker,territory"
"territory";"East Shroud";"Forêt de l'est";"Bosque de la Vestidura Negra: bosque oriental";"Sudario Oriental";"Bosque Oriental";"Sudario Negro Oriental";"Bosque del este";"el Sudario Oriental";"";"黒衣森：東部森林";"PlaceName#55.0";"duty,map,marker,territory"
"territory";"Eastern La Noscea";"Noscea orientale";"La Noscea oriental";"La Noscea Oriental";"Este de La Noscea";"";"La Noscea Oriental";"";"";"東ラノシア";"PlaceName#32.0";"duty,map,marker,territory"
"territory";"Eastern Thanalan";"Thanalan oriental";"Thanalan oriental";"Thanalan Oriental";"Este de Thanalan";"";"Este de Thanalan";"";"";"東ザナラーン";"PlaceName#44.0";"duty,map,marker,territory"
"territory";"Emanation";"Émanation";"Templo subterráneo de la diosa de la belleza";"Emanación";"La Emanación";"";"Emanación";"";"";"美神の地下神殿";"PlaceName#2299.0";"duty,map,territory"
"territory";"Empyreum";"Empyrée";"Empíreo (nombre transcrito)";"Empíreo";"El Empíreo";"";"Empíreo";"";"";"エンピレアム";"PlaceName#3687.0,PlaceName#4139.0";"map,mapsub,marker,territory"
"territory";"Eorzean Alliance Headquarters";"Quartier général de l'Alliance";"Cuartel general del ejército de la Alianza de Eorzea";"Cuartel General de la Alianza de Eorzea";"Sede de la Alianza de Eorzea";"";"Cuartel General de la Alianza de Eorzea";"";"";"エオルゼア同盟軍本陣";"PlaceName#2862.0";"map,territory"
"territory";"Eorzean Subterrane";"Sous-sol éorzéen";"Espacio subterráneo de Eorzea";"Subsuelo de Eorzea";"Subterráneos de Eorzea";"";"Subsuelo de Eorzea";"";"";"エオルゼア地下空間";"PlaceName#152.0";"map,marker,territory"
"territory";"Estinien's Chambers";"Chambre d'Estinien";"Habitación de invitados de Estinien";"Aposentos de Estinien";"Habitación de Estinien";"";"Aposentos de Estinien";"";"";"エスティニアンの客室";"PlaceName#4380.0";"map,territory"
"territory";"Excavation Tunnels";"Entrée des ruines mécaniques";"Galería de las ruinas mecánicas";"Túneles de Excavación";"Galerías de Excavación";"";"Túneles de Excavación";"";"";"機械遺跡の坑道";"PlaceName#3427.0";"map,marker,territory"
"territory";"Eyes of the Creator";"Les Yeux du Créateur";"Ojos de Alexander (inglés transcrito)";"Ojos del Creador";"Mirada del Creador";"";"Ojos del Creador";"";"";"アイズ・オブ・アレキサンダー";"PlaceName#1835.0";"duty,map,territory"
"territory";"First Board of the Unbroken";"1er plateau";"Entrenamiento de combate de bestias: primer tablero";"Primer Tablero de los Invictos";"Primer Tablero de los Indómitos";"Primer Tablero de los Inquebrantables";"Primer Tablero de los Inquebrantables";"Primer Tablero de los Inquebrantables";"";"闘獣練 第一盤";"PlaceName#5597.0";"duty,map,territory"
"territory";"First Master's Board";"1er plateau expert";"Entrenamiento de combate de bestias: primer tablero especial";"Primer Tablero del Maestro";"Primer Tablero Magistral";"";"Primer Tablero del Maestro";"Primer Tablero del Maestro";"";"闘獣練 特一盤";"PlaceName#5600.0";"duty,map,territory"
"territory";"Flame Barracks";"Caserne des Immortels";"Cuartel de la unidad inmortal";"Cuartel de las Llamas Inmortales";"Barracones de las Llamas Inmortales";"";"Cuartel de las Llamas Inmortales";"";"";"不滅隊兵舎";"PlaceName#1801.0";"map,marker,territory"
"territory";"Fortemps Manor";"Manoir des Fortemps";"Mansión del conde Fortemps";"Mansión Fortemps";"Mansión de los Fortemps";"";"Mansión Fortemps";"";"";"フォルタン伯爵邸";"PlaceName#2320.0";"map,marker,territory"
"territory";"Foundation";"Ishgard - L'Assise";"Ishgard: nivel inferior";"Los Cimientos";"Ishgard: Los Cimientos";"";"Los Cimientos";"";"";"イシュガルド：下層";"PlaceName#2300.0";"aetheryte,duty,map,marker,territory"
"territory";"Frondale's Home for Friendless Foundlings";"Clinique pédiatrique de l'Académie médicale de Frondale";"Ala pediátrica de la academia farmacéutica de Frondale";"Orfanato de Frondale";"Hogar de Acogida de Frondale";"";"Orfanato de Frondale";"";"";"フロンデール薬学院小児病棟";"PlaceName#695.0";"map,territory"
"territory";"G-Savior Deck";"Ponton du Gardien-G";"Cubierta de combate del G-Savior";"Cubierta del G-Savior";"Plataforma del G-Savior";"";"Cubierta del G-Savior";"";"";"Gセイヴァー戦闘甲板";"PlaceName#3663.0";"duty,map,territory"
"territory";"Great Glacier";"Grand Glacier";"Gran glaciar";"Gran Glaciar";"Glaciar Mayor";"";"Gran Glaciar";"";"";"大氷河";"PlaceName#3487.0";"duty,map,territory"
"territory";"Greenroom";"Locaux de la Société de l'Arcadion";"Sala de espera";"Sala de Descanso";"Sala de Artistas";"";"Sala de Descanso";"";"";"控室";"PlaceName#4749.0";"map,marker,territory"
"territory";"Griffin Crossing";"Traversée du Griffon";"Gran puente del Grifo";"Paso del Grifo";"Puente del Grifo";"";"Paso del Grifo";"";"";"グリフィン大橋";"PlaceName#386.0";"duty,map,marker,territory"
"territory";"Groovy Ring";"Ring des Chorégraphies endiablées";"Ring del Baile (inglés transcrito)";"Cuadrilátero del Ritmo";"Ring del Baile";"";"Ring del Baile";"";"";"リング・オブ・ダンス";"PlaceName#5176.0";"duty,map,territory"
"territory";"Hall of Summoning";"Salle des convocations";"Intersticio dimensional: sala de invitados";"Sala de Invocación";"Salón de las Invocaciones";"";"Sala de Invocación";"";"";"次元の狭間：迎賓室";"PlaceName#379.0";"territory"
"territory";"Hall of the Bestiarii";"Hall des Bestiarii";"Sala del combate de bestias";"Sala de los Bestiarios";"Salón de los Bestiarios";"";"Sala de los Bestiarios";"";"";"獣闘の間";"PlaceName#694.0";"duty,marker,territory"
"territory";"Hall of the Unbound";"Salle d'audition des Affranchis";"Lugar provisional de audiciones";"Salón de los Libres";"Sala de los Liberados";"";"Salón de los Libres";"";"";"仮設オーディション会場";"PlaceName#4755.0";"map,territory"
"territory";"Haukke Manor";"Manoir des Haukke";"Residencia de Haukke; variante con «mansión de familia ilustre»";"Mansión Haukke";"Mansión de los Haukke";"";"Mansión Haukke";"";"";"ハウケタ御用邸 / 名門屋敷 ハウケタ御用邸";"PlaceName#59.0,PlaceName#102.0,PlaceName#1055.0";"duty,map,marker,territory"
"territory";"Haunted Manor";"Manoir hanté";"Mansión de fantasmas, Mansión Encantada";"Mansión Encantada";"Mansión Embrujada";"";"Mansión Encantada";"";"";"亡霊屋敷 ホーンテッドマナー";"PlaceName#1834.0";"duty,map,territory"
"territory";"Heart of the Creator";"Le Cœur du Créateur";"Corazón de Alexander (inglés transcrito)";"Corazón del Creador";"Corazón de Alexander";"";"Corazón del Creador";"";"";"ハート・オブ・アレキサンダー";"PlaceName#1847.0,PlaceName#1856.0";"duty,map,territory"
"territory";"Heart of the Sworn";"Hall d'argent";"Despacho del comandante de la unidad de yelmos de plata";"Corazón de los Juramentados";"Sala de los Juramentados";"";"Corazón de los Juramentados";"";"";"銀冑団総長室";"PlaceName#354.0";"map,territory"
"territory";"Heaven-on-High";"Pilier des Cieux";"Pilar del Cielo (nombre japonés)";"Pilar de los Cielos";"Cielo en las Alturas";"";"Pilar de los Cielos";"";"";"アメノミハシラ";"PlaceName#2775.0";"duty,map,marker,territory"
"territory";"Hell on Rails";"Voie ferroviaire";"Vía del carruaje de hierro";"Infierno sobre Raíles";"Infierno Ferroviario";"";"Infierno sobre Raíles";"";"";"鉄馬車線路";"PlaceName#5367.0";"duty,map,territory"
"territory";"Hells' Kier";"Fond des enfers";"Fondo del infierno";"Fondo de los Infiernos";"Abismo de los Infiernos";"";"Abismo de los Infiernos";"";"";"獄之底";"PlaceName#2496.0";"duty,map,territory"
"territory";"Hells' Lid";"Couvercle des enfers";"Tapa del infierno / aguas próximas a la Tapa del Infierno";"Tapa de los Infiernos";"Cubierta de los Infiernos";"";"Cubierta de los Infiernos";"";"";"獄之蓋 / 獄之蓋近海";"PlaceName#1028.0,PlaceName#2762.0";"duty,map,marker,territory"
"territory";"Heritage Found";"L'Hoirie recouvrée";"Herencia Hallada (inglés transcrito)";"Herencia Recobrada";"Legado Recuperado";"Herencia Hallada";"Herencia Recobrada";"la Herencia Recobrada";"";"ヘリテージファウンド";"PlaceName#4509.0";"map,marker,territory"
"territory";"Hidden Gorge";"Gorge dérobée";"Garganta Oculta (inglés transcrito)";"Garganta Oculta";"Desfiladero Escondido";"";"Garganta Oculta";"";"";"ヒドゥンゴージ";"PlaceName#2589.0";"duty,map,territory"
"territory";"Holminster Switch";"Holminster";"Holminster (nombre transcrito)";"Cruce de Holminster";"Paso de Holminster";"";"Cruce de Holminster";"";"";"ホルミンスター";"PlaceName#3050.0";"duty,map,marker,territory"
"territory";"Hullbreaker Isle";"Île de Crèvecarène";"Isla Rompecascos (inglés transcrito)";"Isla Rompecascos";"Isla Quiebracascos";"";"Isla Rompecascos";"";"";"ハルブレーカー・アイル";"PlaceName#1377.0";"duty,map,marker,territory"
"territory";"Hunter's Ring";"Ring du Champion lupin";"Ring del Lobo (inglés transcrito)";"Cuadrilátero del Cazador";"Ring del Cazador";"";"Ring del Cazador";"";"";"リング・オブ・ウルフ";"PlaceName#5177.0";"duty,map,territory"
"territory";"IC-04 Main Bridge";"Pont principal RCI-04";"Cuarta nave de clase Ragnarok: primer puente";"IC-04: Puente Principal";"IC-04: Puente de Mando";"";"IC-04: Puente de Mando";"";"";"ラグナロク級四番艦：第一艦橋";"PlaceName#1410.0";"territory"
"territory";"IC-06 Central Decks";"Secteur central RCI-06";"Sexta nave de clase Ragnarok: sección central del casco";"IC-06: Cubiertas Centrales";"IC-06: Sección Central";"";"IC-06: Cubiertas Centrales";"";"";"ラグナロク級六番艦：艦体中央部";"PlaceName#1406.0";"duty,map,territory"
"territory";"IC-06 Main Bridge";"Pont principal RCI-06";"Sexta nave de clase Ragnarok: primer puente";"IC-06: Puente Principal";"IC-06: Puente de Mando";"";"IC-06: Puente de Mando";"";"";"ラグナロク級六番艦：第一艦橋";"PlaceName#1408.0";"duty,map,marker,territory"
"territory";"IC-06 Regeneration Grid";"Réseau de régénération RCI-06";"Sexta nave de clase Ragnarok: zona de control de regeneración";"IC-06: Red de Regeneración";"IC-06: Malla Regenerativa";"";"IC-06: Red de Regeneración";"";"";"ラグナロク級六番艦：再生制御区";"PlaceName#1407.0";"duty,map,territory"
"territory";"Ingleside Apartment";"Le Coin de l'Âtre (appartement)";"Rincón del Hogar (inglés transcrito): habitación";"Apartamento del Rincón del Hogar";"Apartamento del Rincón de la Lumbre";"";"Apartamento del Rincón del Hogar";"";"";"イングルサイド：部屋";"PlaceName#3695.0";"map,territory"
"territory";"Ingleside Apartment Lobby";"Le Coin de l'Âtre (hall)";"Rincón del Hogar (inglés transcrito): vestíbulo";"Vestíbulo de los Apartamentos Rincón del Hogar";"Vestíbulo del Rincón del Hogar";"";"Vestíbulo de los Apartamentos Rincón del Hogar";"";"";"イングルサイド：ロビー";"PlaceName#3694.0";"map,territory"
"territory";"Intercessory";"Salle de réception";"Sala de recepción";"Sala de Recepciones";"Sala de Audiencias";"";"Sala de Recepciones";"";"";"応接室";"PlaceName#1429.0";"map,marker,territory"
"territory";"Jeuno: The First Walk";"Jeuno - La première perambulation";"Jeuno: Primer Paseo (inglés transcrito)";"Jeuno: Primera Travesía";"Jeuno: Primer Recorrido";"";"Jeuno: Primera Travesía";"";"";"ジュノ：ザ・ファーストウォーク";"PlaceName#5138.0";"duty,map,marker,territory"
"territory";"Kanilokka Corpus Substructure";"Sous-sol de l'Institut Kanilokka";"Subsuelo del instituto tecnológico Kanilokka";"Subsuelo del Instituto Kanilokka";"Subestructura del Complejo Kanilokka";"";"Subsuelo del Instituto Kanilokka";"";"";"カニロッカ技研地下";"PlaceName#5466.0";"duty,map,territory"
"territory";"Keybound Square";"Square des clavistes";"Plaza de los Vinculados a la Llave (inglés transcrito)";"Plaza de los Vinculados a la Llave";"Plaza de los Portadores de la Llave";"Plaza de Keybound";"Plaza de los Vinculados a la Llave";"la Plaza de Keybound";"";"キーバウンドスクウェア";"PlaceName#4962.0";"map,territory"
"territory";"Kobai Goten Apartment";"Kobai Goten (appartement)";"Palacio del Ciruelo Rojo: habitación";"Apartamento de Kobai Goten";"Apartamento del Palacio del Ciruelo Rojo";"";"Apartamento de Kobai Goten";"";"";"紅梅御殿：部屋";"PlaceName#2273.0";"map,territory"
"territory";"Kobai Goten Apartment Lobby";"Kobai Goten (hall)";"Palacio del Ciruelo Rojo: vestíbulo";"Vestíbulo de los Apartamentos Kobai Goten";"Vestíbulo de Kobai Goten";"";"Vestíbulo de los Apartamentos Kobai Goten";"";"";"紅梅御殿：ロビー";"PlaceName#2272.0";"map,territory"
"territory";"Ktisis Hyperboreia";"Hyperborée / L'Hyperborée";"Instituto de creación Hyperboreia";"Instituto de Creación de Hyperboreia";"Ktisis Hyperboreia";"";"Instituto de Creación de Hyperboreia";"";"";"ヒュペルボレア造物院";"PlaceName#3759.0,PlaceName#3943.0";"duty,map,marker,territory"
"territory";"Kugane Castle";"Château de Kugane";"Castillo de Kugane";"Castillo de Kugane";"Fortaleza de Kugane";"";"Castillo de Kugane";"";"";"クガネ城";"PlaceName#2298.0";"duty,map,marker,territory"
"territory";"Kugane Ohashi";"Pont Ohashi / Revanche au vieux château";"Gran puente de Kugane / combate de exterminio del verdadero Gilgamesh";"Gran Puente de Kugane";"Puente Ohashi de Kugane";"";"Gran Puente de Kugane";"";"";"クガネ大橋 / 真ギルガメッシュ討滅戦";"PlaceName#2499.0,PlaceName#2932.0";"duty,map,territory"
"territory";"Labyrinth of the Ancients";"Dédale antique";"Laberinto de los pueblos antiguos";"Laberinto de los Antiguos";"Laberinto Ancestral";"";"Laberinto de los Antiguos";"";"";"古代の民の迷宮";"PlaceName#478.0";"duty,map,marker,territory"
"territory";"Lakeland";"Grand-Lac";"Tierra de Lagos (inglés transcrito)";"Tierra de Lagos";"Región Lacustre";"Tierras del Lago";"Tierra de Lagos";"Lakeland";"Protegido en el glosario; revisar esa protección si se traduce.";"レイクランド";"PlaceName#2953.0,PlaceName#3514.0";"duty,map,mapsub,marker,territory"
"territory";"Laxan Loft";"Château de Ganlag";"Castillo de Laxan";"Castillo de Laxan";"Torreón de Laxan";"Altillo Laxan";"Castillo de Laxan";"el Altillo Laxan";"";"ラクサン城";"PlaceName#3053.0,PlaceName#3620.0";"duty,map,marker,territory"
"territory";"Lemures Headquarters";"Repaire des Lémures";"Oficina de los Lemures";"Sede de los Lémures";"Cuartel de los Lémures";"";"Sede de los Lémures";"";"";"レムレースのオフィス";"PlaceName#4022.0";"map,territory"
"territory";"Leofard's Chambers";"Cabine de Leofard";"Habitación privada de Leofard";"Aposentos de Leofard";"Camarote de Leofard";"";"Aposentos de Leofard";"";"";"レオファードの私室";"PlaceName#1804.0";"map,marker,territory"
"territory";"Lily Hills Apartment";"Plaine-aux-Lys (appartement)";"Colinas de los Lirios: habitación";"Apartamento de Colinas de los Lirios";"Apartamento de las Lomas de Lirios";"";"Apartamento de Colinas de los Lirios";"";"";"リリーヒルズ：部屋";"PlaceName#1814.0";"map,territory"
"territory";"Lily Hills Apartment Lobby";"Plaine-aux-Lys (hall)";"Colinas de los Lirios: vestíbulo";"Vestíbulo de los Apartamentos Colinas de los Lirios";"Vestíbulo de Colinas de los Lirios";"";"Vestíbulo de los Apartamentos Colinas de los Lirios";"";"Coordinar Lily Hills en vestíbulo, apartamento y nombre del edificio.";"リリーヒルズ：ロビー";"PlaceName#1813.0";"map,territory"
"territory";"Lilyswim";"Alentours du lac aux Nénuphars";"Alrededores del lago de los nenúfares";"Lago de los Nenúfares";"Aguas de Nenúfares";"";"Lago de los Nenúfares";"";"";"睡蓮湖近郊";"PlaceName#5445.0";"map,territory"
"territory";"Liminal Space";"Univers différentiel";"Universo cerrado de diferencias";"Espacio Liminal";"Espacio del Umbral";"";"Espacio Liminal";"";"";"階差閉宇宙";"PlaceName#3017.0";"duty,map,territory"
"territory";"Limsa Lominsa Lower Decks";"Limsa Lominsa - L'Entrepont";"Limsa Lominsa: nivel de la cubierta inferior";"Limsa Lominsa: Cubiertas Bajas";"Limsa Lominsa: Cubierta Inferior";"";"Limsa Lominsa: Cubierta Inferior";"";"";"リムサ・ロミンサ：下甲板層";"PlaceName#29.0";"aetheryte,duty,map,marker,territory"
"territory";"Limsa Lominsa Upper Decks";"Limsa Lominsa - Le Tillac";"Limsa Lominsa: nivel de la cubierta superior";"Limsa Lominsa: Cubiertas Altas";"Limsa Lominsa: Cubierta Superior";"";"Limsa Lominsa: Cubierta Superior";"";"";"リムサ・ロミンサ：上甲板層";"PlaceName#28.0";"duty,map,marker,territory"
"territory";"Living Memory";"La Mémoire vivante";"Memoria Viva (inglés transcrito)";"Memoria Viva";"Recuerdo Vivo";"";"Memoria Viva";"la Memoria Viva";"";"リビング・メモリー";"PlaceName#4510.0";"map,marker,territory"
"territory";"Lotus Stand";"Chaire du Lotus";"Mesa baja del sabio silencioso";"Estrado del Loto";"Tribuna del Loto";"";"Estrado del Loto";"el Estrado del Loto";"";"不語仙の座卓";"PlaceName#347.0";"map,territory"
"territory";"Lovely Lovering";"Ring de l'Amour mielleux";"Ring del Amor (inglés transcrito)";"Cuadrilátero del Amor";"Ring del Dulce Amor";"";"Cuadrilátero del Amor";"";"";"リング・オブ・ラブ";"PlaceName#5102.0";"duty,map,territory"
"territory";"Lower Aetheroacoustic Exploratory Site";"Site d'exploration impérial inférieur / Site impérial d'exploration inférieur";"Galería de exploración del Meteoro: zona profunda / zona profunda de exploración";"Zona Inferior de Exploración Eteroacústica";"Yacimiento Inferior de Exploración Eteroacústica";"";"Zona Inferior de Exploración Eteroacústica";"";"";"メテオ探査坑深部 / 探査坑深部";"PlaceName#465.0,PlaceName#891.0";"duty,map,territory"
"territory";"Lower Jeuno";"Bas Jeuno";"Nivel inferior de Jeuno";"Bajo Jeuno";"Jeuno Inferior";"";"Bajo Jeuno";"";"";"ジュノ下層";"PlaceName#5139.0,PlaceName#5145.0";"map,mapsub,marker,territory"
"territory";"Lower La Noscea";"Basse-Noscea";"Tierras bajas de La Noscea";"Baja La Noscea";"Tierras Bajas de La Noscea";"";"Baja La Noscea";"las Tierras Bajas de La Noscea";"";"低地ラノシア";"PlaceName#31.0";"duty,map,marker,territory"
"territory";"Maelstrom Barracks";"Caserne du Maelstrom";"Cuartel de la orden del remolino negro";"Cuartel del Maelstrom";"Barracones del Maelstrom";"";"Barracones del Maelstrom";"";"";"黒渦団兵舎";"PlaceName#1802.0";"map,marker,territory"
"territory";"Main Bridge";"Pont principal / Premier pont RCI-03";"Tercera nave de clase Ragnarok: primer puente / primer puente";"Puente Principal";"Puente de Mando";"";"Puente Principal";"";"";"ラグナロク級三番艦：第一艦橋 / 第一艦橋";"PlaceName#904.0,PlaceName#1305.0";"territory"
"territory";"Main Deck";"Pont du navire / Pont principal";"Cubierta principal del Lady Radlia / a bordo de un barco en alta mar";"Cubierta Principal";"Cubierta Mayor";"";"Cubierta Principal";"";"";"レディ・ラドリア号主甲板 / 大洋の船上";"PlaceName#1877.0,PlaceName#4750.0,PlaceName#4758.0";"map,marker,territory"
"territory";"Main Hall";"Salon principal";"Salón principal (inglés transcrito)";"Salón Principal";"Sala Mayor";"";"Salón Principal";"";"";"メインホール";"PlaceName#3817.0";"map,territory"
"territory";"Malikah's Well";"Puits de Malikah";"Gran pozo de Malikah";"Pozo de Malikah";"Gran Pozo de Malikah";"";"Gran Pozo de Malikah";"";"";"マリカの大井戸";"PlaceName#3028.0,PlaceName#3139.0";"duty,map,marker,territory"
"territory";"Manor Basement";"Sous-sol du vieux manoir";"Sótano de la casa abandonada";"Sótano de la Mansión";"Subsuelo de la Mansión";"";"Sótano de la Mansión";"";"";"廃屋の地下室";"PlaceName#5120.0";"duty,map,territory"
"territory";"Matoya's Cave";"Caverne de Matoya";"Cueva de Matoya";"Cueva de Matoya";"Caverna de Matoya";"";"Caverna de Matoya";"";"";"マトーヤの洞窟";"PlaceName#2036.0";"map,marker,territory"
"territory";"Matoya's Relict";"Atelier abandonné de Matoya";"Taller de Matoya";"Legado de Matoya";"Taller Abandonado de Matoya";"";"Taller Abandonado de Matoya";"";"";"マトーヤのアトリエ";"PlaceName#3590.0";"duty,map,marker,territory"
"territory";"Medias Res";"Interstice du chant onirique";"Espacio de la imaginación poética";"En Plena Acción";"En Medio de Todo";"Medias Res";"Medias Res";"";"";"詩想空間";"PlaceName#4098.0,PlaceName#4099.0";"duty,map,territory"
"territory";"Meghaduta Guest Chambers";"Appartements du palais du Meghaduta";"Habitación de invitados del palacio Meghaduta";"Aposentos de Invitados de Meghaduta";"Habitaciones de Huéspedes de Meghaduta";"";"Aposentos de Invitados de Meghaduta";"";"";"メーガドゥータ宮の客間";"PlaceName#4039.0";"map,territory"
"territory";"Middle La Noscea";"Noscea centrale";"La Noscea central";"La Noscea Central";"Centro de La Noscea";"";"La Noscea Central";"la Noscea Central";"";"中央ラノシア";"PlaceName#30.0";"duty,map,marker,territory"
"territory";"Mist";"Brumée";"Aldea de la Bruma (inglés transcrito)";"Bruma";"La Bruma";"Niebla";"Bruma";"la Niebla";"";"ミスト・ヴィレッジ";"PlaceName#425.0,PlaceName#1161.0";"map,mapsub,marker,territory"
"territory";"Mistwake";"Sillage brumeux";"Estela de Bruma (inglés transcrito)";"Estela de Bruma";"Estela Brumosa";"";"Estela de Bruma";"";"";"ミストウェイク";"PlaceName#5350.0";"duty,map,marker,territory"
"territory";"Mizzenmast Inn";"Auberge de L'Artimon";"Posada «Palo de Mesana» (nombre inglés transcrito)";"Posada del Palo de Mesana";"Posada de la Mesana";"";"Posada del Palo de Mesana";"";"";"宿屋「ミズンマスト」";"PlaceName#733.0";"map,marker,territory"
"territory";"Mordion Gaol";"Geôle de Mordion";"Prisión de Mordion";"Prisión de Mordion";"Mazmorra de Mordion";"";"Prisión de Mordion";"";"";"モルディオン監獄";"PlaceName#153.0";"map,marker,territory"
"territory";"Mount Ordeals";"Mont du Supplice";"Montaña de las pruebas";"Monte de las Pruebas";"Monte de la Ordalía";"";"Monte de la Ordalía";"";"";"試練の山";"PlaceName#4289.0";"duty,map,territory"
"territory";"Mount Rokkon";"Mont Rokkon";"Montaña de las seis raíces";"Monte Rokkon";"Montaña Rokkon";"";"Monte Rokkon";"Mount Rokkon";"Protegido en el glosario; revisar esa protección si se traduce.";"六根山";"PlaceName#4308.0";"duty,map,territory"
"territory";"Mt. Gulg";"Mont Gulg";"Volcán Gulg";"Monte Gulg";"Volcán Gulg";"";"Monte Gulg";"";"";"グルグ火山";"PlaceName#2997.0";"duty,map,marker,territory"
"territory";"Neverreap";"Nalloncques";"Neverreap (nombre inglés transcrito, «nunca cosechar»)";"Nunca Siega";"Siega Estéril";"Neverreap";"Nuncasiega";"";"";"ネバーリープ";"PlaceName#2130.0";"duty,map,marker,territory"
"territory";"New Gridania";"Nouvelle Gridania";"Gridania: ciudad nueva";"Nueva Gridania";"Gridania Nueva";"";"Nueva Gridania";"";"";"グリダニア：新市街";"PlaceName#52.0";"aetheryte,map,marker,territory"
"territory";"North Horn";"Île de Lunule septentrionale";"Parte norte de la isla de la luna creciente";"Cuerno Norte";"Cuerno Septentrional";"";"Cuerno Norte";"";"";"三日月島北部";"PlaceName#5577.0";"duty,map,territory"
"territory";"North Shroud";"Forêt du nord";"Bosque de la Vestidura Negra: bosque septentrional";"Sudario Septentrional";"Bosque Septentrional";"Sudario Negro Septentrional";"Bosque del norte";"el Sudario Septentrional";"";"黒衣森：北部森林";"PlaceName#57.0";"duty,map,marker,territory"
"territory";"Northern Thanalan";"Thanalan septentrional";"Thanalan septentrional";"Thanalan Septentrional";"Norte de Thanalan";"";"Norte de Thanalan";"";"";"北ザナラーン";"PlaceName#46.0";"duty,map,marker,territory"
"territory";"Old Gridania";"Vieille Gridania";"Gridania: ciudad vieja";"Vieja Gridania";"Gridania Antigua";"";"Vieja Gridania";"Old Gridania";"";"グリダニア：旧市街";"PlaceName#53.0";"duty,map,marker,territory"
"territory";"Omega Control";"Salle de contrôle d'Oméga";"Sala de control de Omega";"Control de Omega";"Sala de Control de Omega";"";"Sala de Control de Omega";"";"";"オメガ管制室";"PlaceName#1887.0";"map,territory"
"territory";"Origenics";"L'Origenèse";"Origenics (nombre transcrito)";"Origenética";"Origenia";"";"Origenia";"Origenics";"Protegido en el glosario; revisar esa protección si se traduce.";"オリジェニクス";"PlaceName#5007.0";"duty,map,marker,territory"
"territory";"Outer La Noscea";"Noscea extérieure";"La Noscea exterior";"La Noscea Exterior";"Tierras Exteriores de La Noscea";"";"La Noscea Exterior";"";"";"外地ラノシア";"PlaceName#350.0";"duty,map,marker,territory"
"territory";"Phantom Village";"Ville fantôme";"Ciudad del espejismo";"Villa Fantasma";"Pueblo Fantasma";"";"Pueblo Fantasma";"el pueblo fantasma";"";"蜃気楼の町";"PlaceName#4757.0";"aethernet,map,marker,territory"
"territory";"Pharos Sirius";"Phare de Sirius";"Gran faro de Sirius; variante con «torre de aves monstruosas»";"Faro de Sirius";"Gran Faro de Sirius";"";"Faro de Sirius";"";"";"シリウス大灯台 / 怪鳥巨塔 シリウス大灯台";"PlaceName#230.0,PlaceName#927.0,PlaceName#1064.0";"duty,map,marker,territory"
"territory";"Pilgrim's Traverse";"Sanctuaire des pèlerins";"Travesía del Peregrino (inglés transcrito)";"Travesía del Peregrino";"Paso del Peregrino";"";"Travesía del Peregrino";"";"";"ピルグリム・トラバース";"PlaceName#5277.0";"duty,map,territory"
"territory";"Private Chambers - Empyreum";"Chambre individuelle - Empyrée";"Empíreo: habitación privada";"Habitación Privada - Empíreo";"Aposentos Privados de el Empíreo";"";"Habitación Privada - Empíreo";"";"El nombre del barrio depende de su propia decisión; aplicar la misma forma en toda la familia.";"エンピレアム：プライベートルーム";"PlaceName#3692.0";"map,territory"
"territory";"Private Chambers - Mist";"Chambre individuelle - Brumée";"Aldea de la Bruma: habitación privada";"Habitación Privada - Bruma";"Aposentos Privados de la Bruma";"";"Habitación Privada - Bruma";"";"El nombre del barrio depende de su propia decisión; aplicar la misma forma en toda la familia.";"ミスト・ヴィレッジ：プライベートルーム";"PlaceName#1157.0";"map,territory"
"territory";"Private Chambers - Shirogane";"Chambre individuelle - Shirogane";"Shirogane: habitación privada";"Habitación Privada - Shirogane";"Aposentos Privados de Shirogane";"";"Habitación Privada - Shirogane";"";"El nombre del barrio depende de su propia decisión; aplicar la misma forma en toda la familia.";"シロガネ：プライベートルーム";"PlaceName#2270.0";"map,territory"
"territory";"Private Chambers - The Goblet";"Chambre individuelle - La Coupe";"Butte de la Copa: habitación privada";"Habitación Privada - La Copa";"Aposentos Privados de la Copa";"";"Habitación Privada - El Cáliz";"";"El nombre del barrio depende de su propia decisión; aplicar la misma forma en toda la familia.";"ゴブレットビュート：プライベートルーム";"PlaceName#1158.0";"map,territory"
"territory";"Private Chambers - The Lavender Beds";"Chambre individuelle - Lavandière";"Lechos de Lavanda: habitación privada";"Habitación Privada - Lavandales";"Aposentos Privados de los Lavandales";"";"Habitación Privada - Las Camas de Lavanda";"";"El nombre del barrio depende de su propia decisión; aplicar la misma forma en toda la familia.";"ラベンダーベッド：プライベートルーム";"PlaceName#1159.0";"map,territory"
"territory";"Private Cottage - Empyreum";"Maisonnette - Empyrée";"Empíreo: casa de campo";"Casa Pequeña - Empíreo";"Casita de el Empíreo";"";"Casa Pequeña - Empíreo";"";"El nombre del barrio depende de su propia decisión; aplicar la misma forma en toda la familia.";"エンピレアム：コテージ";"PlaceName#3689.0";"map,territory"
"territory";"Private Cottage - Mist";"Maisonnette - Brumée";"Aldea de la Bruma: casa de campo";"Casa Pequeña - Bruma";"Casita de la Bruma";"";"Casa Pequeña - Bruma";"";"El nombre del barrio depende de su propia decisión; aplicar la misma forma en toda la familia.";"ミスト・ヴィレッジ：コテージ";"PlaceName#1100.0";"map,territory"
"territory";"Private Cottage - Shirogane";"Maisonnette - Shirogane";"Shirogane: casa de campo";"Casa Pequeña - Shirogane";"Casita de Shirogane";"";"Casa Pequeña - Shirogane";"";"El nombre del barrio depende de su propia decisión; aplicar la misma forma en toda la familia.";"シロガネ：コテージ";"PlaceName#1893.0";"map,territory"
"territory";"Private Cottage - The Goblet";"Maisonnette - La Coupe";"Butte de la Copa: casa de campo";"Casa Pequeña - La Copa";"Casita de la Copa";"";"Casa Pequeña - El Cáliz";"";"El nombre del barrio depende de su propia decisión; aplicar la misma forma en toda la familia.";"ゴブレットビュート：コテージ";"PlaceName#1103.0";"map,territory"
"territory";"Private Cottage - The Lavender Beds";"Maisonnette - Lavandière";"Lechos de Lavanda: casa de campo";"Casa Pequeña - Lavandales";"Casita de los Lavandales";"";"Casa Pequeña - Las Camas de Lavanda";"";"El nombre del barrio depende de su propia decisión; aplicar la misma forma en toda la familia.";"ラベンダーベッド：コテージ";"PlaceName#1106.0";"map,territory"
"territory";"Private House - Empyreum";"Pavillon - Empyrée";"Empíreo: casa";"Casa Mediana - Empíreo";"Casa de el Empíreo";"";"Casa Mediana - Empíreo";"";"El nombre del barrio depende de su propia decisión; aplicar la misma forma en toda la familia.";"エンピレアム：ハウス";"PlaceName#3690.0";"map,territory"
"territory";"Private House - Mist";"Pavillon - Brumée";"Aldea de la Bruma: casa";"Casa Mediana - Bruma";"Casa de la Bruma";"";"Casa Mediana - Bruma";"";"El nombre del barrio depende de su propia decisión; aplicar la misma forma en toda la familia.";"ミスト・ヴィレッジ：ハウス";"PlaceName#1101.0";"map,territory"
"territory";"Private House - Shirogane";"Pavillon - Shirogane";"Shirogane: casa";"Casa Mediana - Shirogane";"Casa de Shirogane";"";"Casa Mediana - Shirogane";"";"El nombre del barrio depende de su propia decisión; aplicar la misma forma en toda la familia.";"シロガネ：ハウス";"PlaceName#1894.0";"map,territory"
"territory";"Private House - The Goblet";"Pavillon - La Coupe";"Butte de la Copa: casa";"Casa Mediana - La Copa";"Casa de la Copa";"";"Casa Mediana - El Cáliz";"";"El nombre del barrio depende de su propia decisión; aplicar la misma forma en toda la familia.";"ゴブレットビュート：ハウス";"PlaceName#1104.0";"map,territory"
"territory";"Private House - The Lavender Beds";"Pavillon - Lavandière";"Lechos de Lavanda: casa";"Casa Mediana - Lavandales";"Casa de los Lavandales";"";"Casa Mediana - Las Camas de Lavanda";"";"El nombre del barrio depende de su propia decisión; aplicar la misma forma en toda la familia.";"ラベンダーベッド：ハウス";"PlaceName#1107.0";"map,territory"
"territory";"Private Mansion - Empyreum";"Villa - Empyrée";"Empíreo: residencia";"Mansión - Empíreo";"Casa Grande de el Empíreo";"";"Mansión - Empíreo";"";"El nombre del barrio depende de su propia decisión; aplicar la misma forma en toda la familia.";"エンピレアム：レジデンス";"PlaceName#3691.0";"map,territory"
"territory";"Private Mansion - Mist";"Villa - Brumée";"Aldea de la Bruma: residencia";"Mansión - Bruma";"Casa Grande de la Bruma";"";"Mansión - Bruma";"";"El nombre del barrio depende de su propia decisión; aplicar la misma forma en toda la familia.";"ミスト・ヴィレッジ：レジデンス";"PlaceName#1102.0";"map,territory"
"territory";"Private Mansion - Shirogane";"Villa - Shirogane";"Shirogane: residencia";"Mansión - Shirogane";"Casa Grande de Shirogane";"";"Mansión - Shirogane";"";"El nombre del barrio depende de su propia decisión; aplicar la misma forma en toda la familia.";"シロガネ：レジデンス";"PlaceName#1895.0";"map,territory"
"territory";"Private Mansion - The Goblet";"Villa - La Coupe";"Butte de la Copa: residencia";"Mansión - La Copa";"Casa Grande de la Copa";"";"Mansión - El Cáliz";"";"El nombre del barrio depende de su propia decisión; aplicar la misma forma en toda la familia.";"ゴブレットビュート：レジデンス";"PlaceName#1105.0";"map,territory"
"territory";"Private Mansion - The Lavender Beds";"Villa - Lavandière";"Lechos de Lavanda: residencia";"Mansión - Lavandales";"Casa Grande de los Lavandales";"";"Mansión - Las Camas de Lavanda";"";"El nombre del barrio depende de su propia decisión; aplicar la misma forma en toda la familia.";"ラベンダーベッド：レジデンス";"PlaceName#1108.0";"map,territory"
"territory";"Propylaion";"Le Propylée";"Propylaion (nombre transcrito)";"Propileo";"Los Propileos";"";"Los Propileos";"Propylaion";"Protegido en el glosario; revisar esa protección si se traduce.";"プロピュライオン";"PlaceName#3926.0";"map,marker,territory"
"territory";"Psiscape V1.0";"Psistice v1.0";"Mundo de pruebas «Psi» V1.0";"Psiscape V1.0";"Psimundo V1.0";"Psipanorama V1.0";"Psiscape V1.0";"";"Aplicar el mismo criterio a las tres familias y conservar la versión.";"被検世界「プサイ」V1.0";"PlaceName#2725.0";"duty,map,territory"
"territory";"Psiscape V2.0";"Psistice v2.0";"Mundo de pruebas «Psi» V2.0";"Psiscape V2.0";"Psimundo V2.0";"Psipanorama V2.0";"Psiscape V2.0";"";"Aplicar el mismo criterio a las tres familias y conservar la versión.";"被検世界「プサイ」V2.0";"PlaceName#2736.0";"duty,map,territory"
"territory";"Ragnarok Central Core";"Noyau central du Ragnarok";"Sección central";"Núcleo Central del Ragnarok";"Corazón del Ragnarok";"";"Núcleo Central del Ragnarok";"";"";"中枢区画";"PlaceName#468.0";"duty,map,territory"
"territory";"Ragnarok Drive Cylinder";"Cylindre propulseur du Ragnarok";"Mamparo móvil";"Cilindro Propulsor del Ragnarok";"Cilindro de Impulsión del Ragnarok";"";"Cilindro Propulsor del Ragnarok";"";"";"稼働隔壁";"PlaceName#467.0";"duty,map,territory"
"territory";"Ragnarok Main Bridge";"Pont principal du Ragnarok";"Primer puente de mando";"Puente Principal del Ragnarok";"Puente de Mando del Ragnarok";"";"Puente Principal del Ragnarok";"";"";"第一艦橋";"PlaceName#469.0";"map,territory"
"territory";"Rebel Ring";"Ring de l'Inspiration artistique";"Ring del Arte (inglés transcrito)";"Cuadrilátero Rebelde";"Ring de la Rebelión";"";"Ring de la Rebelión";"";"";"リング・オブ・アート";"PlaceName#5175.0";"duty,map,territory"
"territory";"Recollection";"Salle du trône séculaire";"Sala del trono";"Remembranza";"Evocación";"";"Salón del Trono Secular";"";"";"玉座の間";"PlaceName#5153.0";"duty,map,territory"
"territory";"Reisen Temple";"Sanctuaire Reisen";"Recinto del santuario Reisen";"Templo Reisen";"Santuario Reisen";"";"Santuario Reisen";"";"";"醴泉神社境内";"PlaceName#2392.0";"map,marker,territory"
"territory";"Reisen Temple Road";"Chemin du sanctuaire Reisen";"Camino de acceso al santuario Reisen";"Camino del Templo Reisen";"Senda del Santuario Reisen";"";"Senda del Santuario Reisen";"";"";"醴泉神社参道";"PlaceName#2391.0";"duty,map,marker,territory"
"territory";"Restricted Archives";"Archives interdites du Noumène";"Gran biblioteca Noumenon: archivo de libros prohibidos";"Archivos Restringidos";"Archivo Prohibido";"";"Archivo Prohibido";"";"";"ヌーメノン大書院：禁書庫";"PlaceName#4034.0";"map,territory"
"territory";"Rhotano Sea";"Mer de Rhotano";"Mar de Rhotano";"Mar de Rhotano";"Mar Rhotano";"";"Mar de Rhotano";"";"";"ロータノ海";"PlaceName#462.0,PlaceName#3447.0";"duty,map,territory"
"territory";"Ring Noir";"Ring fatal";"Ring del Vampiro (inglés transcrito)";"Cuadrilátero Negro";"Ring Oscuro";"";"Ring Oscuro";"";"";"リング・オブ・ヴァンプ";"PlaceName#5369.0";"duty,map,territory"
"territory";"Royal Palace";"Palais royal d'Ala Mhigo";"Palacio real de Ala Mhigo";"Palacio Real";"Palacio de la Corona";"";"Palacio Real";"";"";"アラミゴ王宮";"PlaceName#2294.0";"mapsub,marker,territory"
"territory";"Ruby Bazaar Offices";"Salle d'accueil du Bazar de Rubis";"Sala de recepción de la casa comercial de Ul'dah";"Oficinas del Bazar Rubí";"Despachos del Bazar de Rubí";"";"Despachos del Bazar de Rubí";"";"";"ウルダハ商館応接室";"PlaceName#2927.0";"map,territory"
"territory";"Ruling Chamber";"Salle des sentences";"Lugar del juicio por duelo";"Sala de Juicios";"Cámara del Juicio";"";"Cámara del Juicio";"";"";"決闘裁判場";"PlaceName#2336.0";"duty,map,territory"
"territory";"Sacrificial Chamber";"Salle des offrandes";"Fosa de ofrendas";"Cámara de los Sacrificios";"Sala de las Ofrendas";"";"Sala de las Ofrendas";"";"";"供物穴";"PlaceName#2083.0";"map,territory"
"territory";"Saint Endalim's Scholasticate";"Scolasticat Saint-Endalim";"Seminario de san Endalim";"Escolasticado de San Endalim";"Seminario de San Endalim";"";"Seminario de San Endalim";"";"";"聖アンダリム神学院";"PlaceName#2337.0";"map,marker,territory"
"territory";"Saint Mocianne's Arboretum";"Arboretum Sainte-Mocianne";"Jardín botánico de santa Mocianne";"Arboreto de Santa Mocianne";"Jardín Botánico de Santa Mocianne";"";"Arboretum Santa Mocianne";"";"";"聖モシャーヌ植物園";"PlaceName#2034.0";"duty,map,marker,territory"
"territory";"San d'Oria: The Second Walk";"San d'Oria - La deuxième perambulation";"San d'Oria: Segundo Paseo (inglés transcrito)";"San d'Oria: Segunda Travesía";"San d'Oria: Segundo Recorrido";"";"San d'Oria: Segunda Travesía";"";"";"サンドリア：ザ・セカンドウォーク";"PlaceName#5240.0";"duty,map,marker,territory"
"territory";"Sanctum of the Twelve";"Sanctuaire des Douze";"Gran catedral de los doce dioses";"Santuario de los Doce";"Catedral de los Doce";"";"Santuario de los Doce";"";"";"十二神大聖堂";"PlaceName#112.0";"duty,map,mapsub,marker,territory"
"territory";"Scratching Ring";"Ring des Griffes félines";"Ring del Gato (inglés transcrito)";"Cuadrilátero del Zarpazo";"Ring de las Garras";"";"Ring de las Garras";"";"";"リング・オブ・キャット";"PlaceName#5104.0";"duty,map,territory"
"territory";"Seal Rock";"Rocher des tréfonds";"Roca de la Foca / del Sello (inglés transcrito, significado ambiguo)";"Roca del Sello";"Roca de las Focas";"";"Roca del Sello";"";"";"シールロック";"PlaceName#496.0";"duty,map,territory"
"territory";"Seat of the First Bow";"Salle de commandement du Carquois";"Sala de mando de la unidad del valor divino";"Sala de Mando del Carcaj";"Sede del Primer Arco";"";"Sala de Mando del Carcaj";"la Sala de Mando del Carcaj";"";"神勇隊司令室";"PlaceName#346.0";"map,territory"
"territory";"Seat of the Lord Commander";"Siège du capitaine général";"Despacho del gran maestre de los Caballeros del Templo";"Sede del Gran Maestre";"Despacho del Gran Maestre";"";"Sede del Gran Maestre";"";"";"神殿騎士団総長室";"PlaceName#2335.0";"map,territory"
"territory";"Second Board of the Unbroken";"2e plateau";"Entrenamiento de combate de bestias: segundo tablero";"Segundo Tablero de los Invictos";"Segundo Tablero de los Indómitos";"Segundo Tablero de los Inquebrantables";"Segundo Tablero de los Inquebrantables";"Segundo Tablero de los Inquebrantables";"";"闘獣練 第二盤";"PlaceName#5598.0";"duty,map,territory"
"territory";"Second Master's Board";"2e plateau expert";"Entrenamiento de combate de bestias: segundo tablero especial";"Segundo Tablero del Maestro";"Segundo Tablero Magistral";"";"Segundo Tablero del Maestro";"Segundo Tablero del Maestro";"";"闘獣練 特二盤";"PlaceName#5601.0";"duty,map,territory"
"territory";"Shisui of the Violet Tides";"Palais aux Marées violettes";"Palacio de Aguas Violetas / alrededores del Palacio de Aguas Violetas";"Shisui de las Mareas Violetas";"Palacio de las Mareas Violetas";"";"Palacio de las Mareas Violetas";"";"";"紫水宮 / 紫水宮周辺";"PlaceName#2515.0,PlaceName#2779.0";"duty,map,marker,territory"
"territory";"Sigmascape V1.0";"Sigmastice v1.0";"Mundo de pruebas «Sigma» V1.0";"Sigmascape V1.0";"Sigmamundo V1.0";"Sigmapanorama V1.0";"Sigmascape V1.0";"";"Aplicar el mismo criterio a las tres familias y conservar la versión.";"被検世界「シグマ」V1.0";"PlaceName#2717.0";"duty,map,territory"
"territory";"Sigmascape V2.0";"Sigmastice v2.0";"Mundo de pruebas «Sigma» V2.0";"Sigmascape V2.0";"Sigmamundo V2.0";"Sigmapanorama V2.0";"Sigmascape V2.0";"";"Aplicar el mismo criterio a las tres familias y conservar la versión.";"被検世界「シグマ」V2.0";"PlaceName#2718.0";"duty,map,territory"
"territory";"Sigmascape V3.0";"Sigmastice v3.0";"Mundo de pruebas «Sigma» V3.0";"Sigmascape V3.0";"Sigmamundo V3.0";"Sigmapanorama V3.0";"Sigmascape V3.0";"";"Aplicar el mismo criterio a las tres familias y conservar la versión.";"被検世界「シグマ」V3.0";"PlaceName#2719.0";"duty,map,territory"
"territory";"Sigmascape V4.0";"Sigmastice v4.0";"Mundo de pruebas «Sigma» V4.0";"Sigmascape V4.0";"Sigmamundo V4.0";"Sigmapanorama V4.0";"Sigmascape V4.0";"";"Aplicar el mismo criterio a las tres familias y conservar la versión.";"被検世界「シグマ」V4.0";"PlaceName#2720.0";"duty,map,territory"
"territory";"Singularity Reactor";"Réacteur de singularité";"Reactor de Singularidad (inglés transcrito)";"Reactor de Singularidad";"Reactor de la Singularidad";"";"Reactor de Singularidad";"";"";"シンギュラリティ・リアクター";"PlaceName#2150.0,PlaceName#2178.0";"duty,map,territory"
"territory";"Skydeep Cenote Inner Chamber";"Profondeurs du cénote des Cieux infinis";"Cenote de la profundidad celeste: zona más profunda";"Cámara Interior del Cenote de los Cielos Profundos";"Cámara Interior del Cenote del Abismo Celeste";"";"Cámara Interior del Cenote de los Cielos Profundos";"";"Depende de la decisión de The Skydeep Cenote.";"天深きセノーテ 最深部";"PlaceName#4751.0";"map,marker,territory"
"territory";"Smileton";"Risette-sur-lune";"Villa Sonrisa (nombre inglés transcrito)";"Villa Sonrisa";"Sonrisalia";"";"Villa Sonrisa";"";"";"スマイルトン";"PlaceName#3770.0";"duty,map,marker,territory"
"territory";"Sneaky Hollow";"Demeure de la femme à tête de citrouille";"Escondite del ser mágico";"Hondonada Furtiva";"Refugio Furtivo";"";"Hondonada Furtiva";"";"";"魔人の隠れ家";"PlaceName#4040.0";"map,territory"
"territory";"Snowcloak";"Manteneige";"Gran muralla de hielo de Manto de Nieve";"Manto de Nieve";"Manto Níveo";"";"Manto de Nieve";"";"";"スノークローク大氷壁";"PlaceName#404.0";"duty,map,marker,territory"
"territory";"Soul of the Creator";"L'Âme du Créateur";"Alma de Alexander (inglés transcrito)";"Alma del Creador";"Espíritu del Creador";"";"Alma del Creador";"";"";"ソウル・オブ・アレキサンダー";"PlaceName#1853.0";"duty,map,marker,territory"
"territory";"South Horn";"Île de Lunule méridionale";"Parte sur de la isla de la luna creciente";"Cuerno Sur";"Cuerno Meridional";"";"Cuerno Sur";"";"";"三日月島南部";"PlaceName#4932.0";"duty,map,territory"
"territory";"South Shroud";"Forêt du sud";"Bosque de la Vestidura Negra: bosque meridional";"Sudario Meridional";"Bosque Meridional";"Sudario Negro Meridional";"Bosque del sur";"el Sudario Meridional";"";"黒衣森：南部森林";"PlaceName#56.0";"duty,map,marker,territory"
"territory";"Southern Thanalan";"Thanalan méridional";"Thanalan meridional";"Thanalan Meridional";"Sur de Thanalan";"";"Sur de Thanalan";"";"";"南ザナラーン";"PlaceName#45.0";"duty,map,marker,territory"
"territory";"Sphere of Naught";"Sphère de l'absence";"Dominio de la oscuridad";"Esfera de la Nada";"Esfera del Vacío";"";"Esfera de la Nada";"";"";"暗闇の領域";"PlaceName#1436.0,PlaceName#3596.0";"duty,map,marker,territory"
"territory";"Starlight Stalls";"Marché des étoiles";"Mercado de la luz estelar";"Puestos de la Celebración de las Estrellas";"Mercado de las Estrellas";"";"Mercado de las Estrellas";"";"";"星芒マーケット";"PlaceName#4754.0";"map,territory"
"territory";"Steps of Faith";"Avancée de la Foi";"Corredor de las nubes";"Pasos de la Fe";"Pasarela de la Fe";"";"Pasarela de la Fe";"";"";"雲廊";"PlaceName#406.0";"duty,map,marker,territory"
"territory";"Stone Vigil";"Vigile de Pierre";"Vigilia de Piedra (inglés transcrito); variante con «asalto a la fortaleza»";"Vigilia de Piedra";"Vigía de Piedra";"";"Vigilia de Piedra";"";"";"ストーンヴィジル / 城塞攻略 ストーンヴィジル";"PlaceName#401.0,PlaceName#1060.0";"duty,map,marker,territory"
"territory";"Storm's Crown";"Toison des tempêtes";"Torre del viento de la cabellera maldita";"Corona de la Tormenta";"Corona de Tempestades";"";"Corona de Tempestades";"";"";"呪髪の風塔";"PlaceName#4045.0,PlaceName#4197.0";"duty,map,territory"
"territory";"Strategy Room";"Salle des opérations";"Sala de planificación de operaciones";"Sala de Estrategia";"Sala de Operaciones";"";"Sala de Estrategia";"";"";"作戦立案室";"PlaceName#4023.0";"map,territory"
"territory";"Strayborough";"Parc-aux-Errants";"Strayborough (nombre inglés transcrito, villa de los extraviados)";"Villa Errante";"Villa Extravío";"";"Villa Errante";"";"";"ストレイバロー";"PlaceName#5105.0";"duty,map,marker,territory"
"territory";"Stygian Insenescence Cells";"Laboratoire d'études des secrets du vivant";"Bloque de investigación de los misterios de la vida";"Celdas Estigias de la Eterna Juventud";"Cámaras Estigias de Inmortalidad";"";"Cámaras Estigias de Inmortalidad";"";"";"生命神秘研究棟";"PlaceName#4250.0";"duty,map,marker,territory"
"territory";"Sultana's Breath Apartment";"Le Souffle de la Sultane (appartement)";"Gran molino de Nanamo: habitación";"Apartamento del Aliento de la Sultana";"Apartamento del Soplo de la Sultana";"";"Apartamento del Aliento de la Sultana";"";"";"ナナモ大風車：部屋";"PlaceName#1816.0";"map,territory"
"territory";"Sultana's Breath Apartment Lobby";"Le Souffle de la Sultane (hall)";"Gran molino de Nanamo: vestíbulo";"Vestíbulo de los Apartamentos Aliento de la Sultana";"Vestíbulo del Aliento de la Sultana";"";"Vestíbulo de los Apartamentos Aliento de la Sultana";"";"Coordinar Sultana's Breath en vestíbulo, apartamento y nombre del edificio.";"ナナモ大風車：ロビー";"PlaceName#1815.0";"map,territory"
"territory";"Summit of Everkeep";"Sommet de la Gardienne de l'Éternité";"Nivel superior de Everkeep";"Cumbre de la Fortaleza Eterna";"Cima de Everkeep";"";"Cumbre de la Fortaleza Eterna";"";"Coordinar Everkeep en todas sus etiquetas y menciones.";"エバーキープ最上層";"PlaceName#5117.0";"duty,map,territory"
"territory";"Sunperch";"Salle de l'Aurore";"Sala del fénix dorado";"Nido del Sol";"Estrado Solar";"Alcázar del Sol";"Alcázar del Sol";"el Alcázar del Sol";"";"金凰の間";"PlaceName#4523.0";"duty,map,territory"
"territory";"Sylphstep";"Sylve sylphe sibylline";"Circuito de obstáculos especial inspirado en el territorio de las sílfides";"Paso de las Sílfides";"Salto de las Sílfides";"";"Paso de las Sílfides";"";"";"シルフ領風特設アスレチック";"PlaceName#2528.0";"duty,map,territory"
"territory";"Syrcus Tower";"Tour de Syrcus";"Torre de Syrcus";"Torre de Syrcus";"Torre Syrcus";"";"Torre de Syrcus";"";"";"シルクスの塔";"PlaceName#493.0";"duty,map,territory"
"territory";"Tender Valley";"Vallée des Pampas";"Valle de los Cactilios (nombre inglés transcrito)";"Valle de los Cactilios";"Valle Tierno";"";"Valle de los Cactilios";"";"";"サボテンダーバレー";"PlaceName#4918.0,PlaceName#4926.0";"duty,map,mapsub,marker,territory"
"territory";"Terncliff";"Rocasternes";"Acantilado del Charrán (inglés transcrito)";"Rocacharrán";"Acantilado del Charrán";"";"Rocacharrán";"";"";"ターンクリフ";"PlaceName#3571.0";"map,territory"
"territory";"Terncliff Bay";"Large de Rocasternes";"Aguas frente a Terncliff";"Bahía de Rocacharrán";"Bahía de Terncliff";"";"Bahía de Rocacharrán";"";"";"ターンクリフ沖";"PlaceName#3570.0";"duty,map,territory"
"territory";"The <italic(1)>Endeavor<italic(0)>";"L'Ambition";"Navío Empeño (nombre inglés transcrito)";"El <italic(1)>Empeño<italic(0)>";"El <italic(1)>Tesón<italic(0)>";"";"Empeño";"";"";"エンデバー号";"PlaceName#3477.0";"duty,map,territory"
"territory";"The <italic(1)>Misery<italic(0)>";"Le Misère";"Navío Miseria (nombre inglés transcrito)";"El <italic(1)>Miseria<italic(0)>";"El <italic(1)>Infortunio<italic(0)>";"";"Miseria";"";"";"ミゼリー号";"PlaceName#1960.0";"map,marker,territory"
"territory";"The <italic(1)>Prima Vista<italic(0)> Bridge";"Pont du Prima Vista";"Nave teatro Prima Vista: puente";"Puente del <italic(1)>Prima Vista<italic(0)>";"Puente de Mando del <italic(1)>Prima Vista<italic(0)>";"";"Puente del Prima Vista";"";"";"劇場艇プリマビスタ・ブリッジ";"PlaceName#2371.0";"map,marker,territory"
"territory";"The <italic(1)>Prima Vista<italic(0)> Tiring Room";"Salle de répétition du Prima Vista";"Nave teatro Prima Vista: almacén de decorados";"Camerino del <italic(1)>Prima Vista<italic(0)>";"Sala de Vestuario del <italic(1)>Prima Vista<italic(0)>";"";"Camerino del Prima Vista";"";"";"劇場艇プリマビスタ・大道具部屋";"PlaceName#2370.0";"map,marker,territory"
"territory";"The Abyssal Fracture";"Cœur de la lune rouge";"Fondo de la luna roja";"Fisura Abisal";"Fractura Abisal";"";"Fractura Abisal";"";"";"赤き月の底";"PlaceName#4441.0";"duty,map,territory"
"territory";"The Aery";"L'Aire";"Nido de los Dragones (inglés transcrito)";"El Nidal";"El Nido";"Nido de Dragones";"El Nido";"";"";"ドラゴンズエアリー";"PlaceName#2050.0";"duty,map,marker,territory"
"territory";"The Aetherfont";"Geysers d'éther / Île de Haam";"Isla de Haam / conjunto de géiseres de éter estelar";"Manantial de Éter";"Fuente Etérea";"";"Manantial de Éter";"";"";"ハーム島 / 星霊間欠泉群";"PlaceName#4297.0,PlaceName#4300.0,PlaceName#4306.0";"duty,map,mapsub,marker,territory"
"territory";"The Aetherial Slough";"Nappe stagnante";"Zona estancada del mar estelar";"Ciénaga Etérea";"Remanso Etéreo";"";"Remanso Etéreo";"";"";"星海滞留域";"PlaceName#4358.0";"duty,map,territory"
"territory";"The Ageless Necropolis";"Nécropole intemporelle";"Tierra colmada de muerte";"Necrópolis Eterna";"Necrópolis Intemporal";"";"Necrópolis Eterna";"";"";"死の満ちる地";"PlaceName#5284.0";"duty,map,territory"
"territory";"The Aitiascope";"Prisme de l'Aitia";"Espejo de cristal estelar Aition";"Etioscopio";"Aitiascopio";"Prisma de la Causa";"Etioscopio";"";"";"アイティオン星晶鏡";"PlaceName#4028.0,PlaceName#4037.0,PlaceName#4146.0";"duty,map,marker,territory"
"territory";"The Antitower";"L'Antitour";"Torre invertida";"Antitorre";"Torre Invertida";"";"Torre Invertida";"";"";"逆さの塔";"PlaceName#2088.0";"duty,map,marker,territory"
"territory";"The Arm of the Father";"Le Bras du Père";"Brazo de Gordias (inglés transcrito)";"Brazo del Padre";"Brazo de Gordias";"";"Brazo del Padre";"";"";"アーム・オブ・ゴルディオス";"PlaceName#1638.0";"duty,map,territory"
"territory";"The Arm of the Son";"Le Bras du Fils";"Brazo de Midas (inglés transcrito)";"Brazo del Hijo";"Brazo de Midas";"";"Brazo del Hijo";"";"";"アーム・オブ・ミダース";"PlaceName#1723.0";"duty,map,territory"
"territory";"The Azim Steppe";"Steppe d'Azim";"Estepa de Azim (inglés transcrito)";"Estepa de Azim";"Estepas de Azim";"";"Estepa de Azim";"la Estepa de Azim";"";"アジムステップ";"PlaceName#2411.0";"duty,map,marker,territory"
"territory";"The Backroom";"Le Repaire";"Trastienda (inglés transcrito)";"La Trastienda";"El Cuarto Trasero";"";"La Trastienda";"la Trastienda";"";"バックルーム";"PlaceName#4654.0";"map,marker,territory"
"territory";"The Battlehall";"Arène Triple Triade";"Sala de combate de cartas";"Sala de Duelos";"Salón de Combate";"";"Sala de Duelos";"";"";"カードバトルルーム";"PlaceName#1665.0";"duty,map,territory"
"territory";"The Bayside Battleground";"Le Rivage redoutable";"Campo de Batalla de la Bahía (inglés transcrito)";"Campo de Batalla de la Bahía";"Campo de Batalla Costero";"";"Campo de Batalla de la Bahía";"";"";"ベイサイド・バトルグラウンド";"PlaceName#4095.0";"duty,map,territory"
"territory";"The Binding Coil of Bahamut";"Abîme infini de Bahamut";"Gran laberinto de Bahamut";"Espiral de Contención de Bahamut";"Laberinto de Bahamut";"";"La Espiral de Contención de Bahamut";"";"";"大迷宮バハムート";"PlaceName#1759.0";"duty,map,territory"
"territory";"The Blessed Treasury";"Crique aux tributs";"Sala del tesoro";"Tesoro Bendito";"Tesorería Sagrada";"";"Tesoro Bendito";"";"";"宝物殿";"PlaceName#2295.0";"duty,map,territory"
"territory";"The Burden of the Father";"Le Fardeau du Père";"Carga de Gordias (inglés transcrito)";"Carga del Padre";"Fardo del Padre";"";"Carga del Padre";"";"";"バーデン・オブ・ゴルディオス";"PlaceName#1645.0";"duty,map,marker,territory"
"territory";"The Burden of the Son";"Le Fardeau du Fils";"Carga de Midas (inglés transcrito)";"Carga del Hijo";"Fardo del Hijo";"";"Carga del Hijo";"";"";"バーデン・オブ・ミダース";"PlaceName#1731.0";"duty,map,marker,territory"
"territory";"The Burn";"L'Escarre";"La Quemadura (inglés transcrito)";"La Quemadura";"La Calcinación";"El Yermo Calcinado";"La Quemadura";"the Burn";"";"ザ・バーン";"PlaceName#2851.0";"duty,map,marker,territory"
"territory";"The Burning Heart";"Cœur de Bahamut";"Núcleo de Bahamut";"Corazón Ardiente";"Corazón Llameante";"";"Corazón Ardiente";"";"";"バハムートコア";"PlaceName#1409.0";"duty,map,marker,territory"
"territory";"The Caustic Purgatory";"Bloc des créatures ex<->trê<->me<->ment nocives";"Bloque de aislamiento de organismos muy venenosos";"Purgatorio Cáustico";"Purgatorio Corrosivo";"";"Purgatorio Cáustico";"";"";"猛毒生物隔離棟";"PlaceName#4249.0";"duty,map,territory"
"territory";"The Chamber of Fourteen";"Prétoire des Quatorze";"Sala de los catorce asientos";"Cámara de los Catorce";"Salón de los Catorce";"";"Cámara de los Catorce";"";"";"十四座の間";"PlaceName#4307.0";"duty,map,territory"
"territory";"The Chrysalis";"La Chrysalide";"Caparazón de los preceptos";"La Crisálida";"El Capullo";"";"La Crisálida";"";"";"戒律の殻";"PlaceName#1390.0";"duty,map,territory"
"territory";"The Churning Mists";"L'Écume des cieux de Dravania";"Mar de nubes de Dravania";"Brumas Agitadas";"Brumas Turbulentas";"Churning Mists";"El Mar de Nubes de Dravania";"las Churning Mists";"El japonés lo vincula al mar de nubes de Dravania; distinguirlo de The Sea of Clouds.";"ドラヴァニア雲海";"PlaceName#2002.0";"duty,map,marker,territory"
"territory";"The Clockwork Castletown";"Le Traquenard oriental";"Palacio de mecanismos orientales";"Ciudadela Mecánica";"Ciudadela de los Engranajes";"";"Ciudadela Mecánica";"";"";"東方絡繰御殿";"PlaceName#4093.0";"duty,map,territory"
"territory";"The Confessional of Toupasa the Elder";"Confessionnal de Toupasa l'ancien";"Lugar de veneración divina del gran Toupasa";"Confesionario de Toupasa el Anciano";"Oratorio de Toupasa el Anciano";"";"Oratorio de Toupasa el Anciano";"";"";"大トゥパサの崇神所";"PlaceName#3191.0,PlaceName#3228.0";"duty,map,marker,territory"
"territory";"The Copied Factory";"Réplique de l'usine désaffectée";"Ruinas de la fábrica copiada";"Fábrica Copiada";"Réplica de la Fábrica";"";"Ruinas de la fábrica copiada";"the Copied Factory";"Protegido en el glosario; revisar esa protección si se traduce.";"複製サレタ工場廃墟";"PlaceName#3425.0,PlaceName#3441.0";"duty,map,marker,territory"
"territory";"The Core";"Cœur d'Éden";"Núcleo de Edén";"El Núcleo";"Corazón de Edén";"";"Corazón de Edén";"";"";"エデンコア";"PlaceName#3214.0";"duty,map,marker,territory"
"territory";"The Crown";"Ring du champion";"Ring del Tirano (inglés transcrito)";"La Corona";"Cuadrilátero de la Corona";"";"La Corona";"";"";"リング・オブ・タイラント";"PlaceName#5371.0";"duty,map,territory"
"territory";"The Crown of the Immaculate";"Couronne de l'Immaculé";"Corona Inmaculada (inglés transcrito)";"Corona del Inmaculado";"Corona Inmaculada";"";"Corona del Inmaculado";"";"";"イマキュレートクラウン";"PlaceName#3219.0";"duty,map,territory"
"territory";"The Cuff of the Father";"Le Poignet du Père";"Puño de manga de Gordias (inglés transcrito)";"Muñeca del Padre";"Brazal del Padre";"";"Brazal del Padre";"";"";"カフ・オブ・ゴルディオス";"PlaceName#1633.0";"duty,map,territory"
"territory";"The Cuff of the Son";"Le Poignet du Fils";"Puño de manga de Midas (inglés transcrito)";"Muñeca del Hijo";"Brazal del Hijo";"";"Brazal del Hijo";"";"";"カフ・オブ・ミダース";"PlaceName#1714.0";"duty,map,territory"
"territory";"The Dæmons' Nest";"Maternité démoniaque";"Casa de alumbramiento de todos los demonios";"Nido de los Demonios";"Cubil de los Demonios";"";"Nido de los Demonios";"";"";"万魔の産屋";"PlaceName#4362.0";"duty,map,territory"
"territory";"The Dancing Plague";"Salle de bal de Titania";"Salón de baile del rey de las hadas";"Plaga Danzante";"Danza de la Plaga";"";"Salón de baile de Titania";"";"";"妖精王の舞踏場";"PlaceName#3218.0";"duty,map,territory"
"territory";"The Dark Inside";"Prison lunaire";"Fondo de la luna";"Oscuridad Interior";"Tinieblas Interiores";"";"Prisión Lunar";"";"";"月の底";"PlaceName#3684.0";"duty,map,territory"
"territory";"The Dead Ends";"L'Issue aux Impasses";"Remanente (inglés transcrito)";"Caminos sin Salida";"Callejones sin Salida";"";"Caminos sin Salida";"";"";"レムナント";"PlaceName#3991.0,PlaceName#4100.0";"duty,map,marker,territory"
"territory";"The Diadem";"Le Diadème";"Islas Diadema";"La Diadema";"Archipiélago de la Diadema";"Diadem";"La Diadema";"el Diadem";"Protegido en el glosario; revisar esa protección si se traduce.";"ディアデム諸島";"PlaceName#1647.0";"duty,map,territory"
"territory";"The Dire Deepcroft";"Cimetière désaffecté";"Sepulcro abandonado";"Cripta Funesta";"Sepulcro Siniestro";"";"Cripta Funesta";"";"";"廃墓所";"PlaceName#4768.0";"map,territory"
"territory";"The Doman Enclave";"Quartier enclavé de Doma";"Barrio de los habitantes de Doma";"Enclave de Doma";"Barrio de Doma";"";"Enclave de Doma";"el Enclave de Doma";"";"ドマ町人地";"PlaceName#2507.0,PlaceName#2813.0";"aetheryte,map,marker,territory"
"territory";"The Dravanian Forelands";"Avant-pays dravanien";"Tierras altas de Dravania";"Tierras Altas de Dravania";"Estribaciones de Dravania";"Antepaís Dravaniano";"Tierras Altas de Dravania";"";"Decidir la pareja Forelands/Hinterlands con un criterio común.";"高地ドラヴァニア";"PlaceName#2000.0";"duty,map,marker,territory"
"territory";"The Dravanian Hinterlands";"Arrière-pays dravanien";"Tierras bajas de Dravania";"Tierras Bajas de Dravania";"Interior de Dravania";"Traspaís Dravaniano";"Tierras Bajas de Dravania";"el interior de Dravania";"Decidir la pareja Forelands/Hinterlands con un criterio común.";"低地ドラヴァニア";"PlaceName#2001.0";"duty,map,marker,territory"
"territory";"The Drowned City of Skalla";"Cité engloutie de Skalla";"Skalla (nombre transcrito)";"Ciudad Sumergida de Skalla";"Ciudad Anegada de Skalla";"";"Ciudad Sumergida de Skalla";"";"";"スカラ";"PlaceName#2367.0";"duty,map,marker,territory"
"territory";"The Dungeons of Lyhe Ghiah";"Donjon hypogéen du Lyhe Ghiah";"Mazmorra de Lyhe Ghiah (inglés transcrito)";"Mazmorras de Lyhe Ghiah";"Calabozos de Lyhe Ghiah";"";"Mazmorras de Lyhe Ghiah";"";"";"リェー・ギア・ダンジョン";"PlaceName#3229.0";"duty,map,territory"
"territory";"The Dying Gasp";"Râle de l'Agonie";"Amaurot del fin del mundo";"Último Aliento";"Estertor Final";"";"Último Aliento";"";"";"終末のアーモロート";"PlaceName#3220.0";"duty,map,territory"
"territory";"The Eighteenth Floor";"Salle des développeurs";"Sala de desarrollo";"Planta Dieciocho";"Piso Dieciocho";"";"Planta Dieciocho";"";"";"かいはつしつ";"PlaceName#1660.0";"map,territory"
"territory";"The Empty";"Le Grand Vide";"Tierra de la nada";"El Vacío";"Tierras del Vacío";"Nada";"El Vacío";"la Nada";"";"無の大地";"PlaceName#3143.0,PlaceName#3225.0";"map,marker,territory"
"territory";"The Excitatron 6000";"Ludodrome";"Excitatron (nombre transcrito)";"Excitatrón 6000";"Emocionatrón 6000";"";"Excitatrón 6000";"";"";"エキサイトロン";"PlaceName#4111.0";"duty,map,territory"
"territory";"The Fall of Belah'dia";"Chutes de Belah'dia";"Circuito de obstáculos especial inspirado en las ruinas de Belah'dia";"Caída de Belah'dia";"Saltos de Belah'dia";"";"Caída de Belah'dia";"";"";"ベラフディア遺跡風特設アスレチック";"PlaceName#2498.0";"duty,map,territory"
"territory";"The Falling City of Nym";"Cité croulante de Nym";"Circuito de obstáculos especial inspirado en las ruinas flotantes de Nym";"Ciudad Caída de Nym";"Ciudad Derruida de Nym";"";"Ciudad Caída de Nym";"";"";"ニーム浮遊遺跡風特設アスレチック";"PlaceName#2527.0";"duty,map,territory"
"territory";"The Feasting Grounds";"Festin des loups";"Campo de maniobras de la Cárcel de los Lobos";"Campos del Festín";"Campo del Banquete";"";"Campos del Festín";"";"";"ウルヴズジェイル演習場";"PlaceName#1664.0";"map,territory"
"territory";"The Fell Court of Troia";"Château de Troïa";"Corte de Troia (inglés transcrito)";"Corte Maldita de Troia";"Corte Funesta de Troia";"";"Corte Maldita de Troia";"";"";"トロイアコート";"PlaceName#4036.0,PlaceName#4180.0";"duty,map,marker,territory"
"territory";"The Fervid Limbo";"Limbes du Pandæmonium - Fournaise";"Pandæmonium: nivel inferior del limbo";"Limbo Ardiente";"Limbo Abrasador";"";"Limbo Ardiente";"";"";"パンデモニウム辺獄下層";"PlaceName#3797.0";"duty,map,territory"
"territory";"The Fields of Glory";"Champs de la Gloire";"Campo de Gloria (inglés transcrito)";"Campos de Gloria";"Campos de la Gloria";"";"Campos de Gloria";"";"";"フィールド・オブ・グローリー";"PlaceName#1740.0";"duty,map,territory"
"territory";"The Final Day";"Orée de la fin";"Fin del confín";"Día Final";"Último Día";"";"Día Final";"";"";"果ての終焉";"PlaceName#3686.0";"duty,map,territory"
"territory";"The Firmament";"Azurée";"Distrito del cielo azul";"El Firmamento";"Distrito Celeste";"Firmament";"El Firmamento";"el Firmament";"Protegido en el glosario; revisar esa protección si se traduce.";"蒼天街";"PlaceName#3435.0";"map,territory"
"territory";"The First Altar of Djanan Qhat";"Grand autel de Djanan Qhat";"Altar subterráneo de Djanan Qhat";"Primer Altar de Djanan Qhat";"Altar Primero de Djanan Qhat";"";"Primer Altar de Djanan Qhat";"";"";"ジャナン・カット地下祭壇";"PlaceName#2339.0";"map,territory"
"territory";"The Fist of the Father";"Le Poing du Père";"Puño de Gordias (inglés transcrito)";"Puño del Padre";"Puño de Gordias";"";"Puño del Padre";"";"";"フィスト・オブ・ゴルディオス";"PlaceName#1628.0";"duty,map,territory"
"territory";"The Fist of the Son";"Le Poing du Fils";"Puño de Midas (inglés transcrito)";"Puño del Hijo";"Puño de Midas";"";"Puño del Hijo";"";"";"フィスト・オブ・ミダース";"PlaceName#1708.0";"duty,map,territory"
"territory";"The Fold";"La Louverie (The Fold)";"El Redil (inglés transcrito)";"El Redil";"La Lobera";"";"El Redil";"";"";"ザ・フォールド";"PlaceName#154.0,PlaceName#918.0,PlaceName#5125.0";"duty,map,territory"
"territory";"The For'ard Cabins";"Cabines de Proue";"Camarotes de Proa (inglés transcrito) / frente a los Camarotes de Proa";"Camarotes de Proa";"Cabinas de Proa";"";"Camarotes de Proa";"Cabinas de Proa";"";"フォルアード・キャビンズ / フォルアード・キャビンズ前";"PlaceName#4540.0,PlaceName#4728.0,PlaceName#5038.0";"aethernet,map,marker,territory"
"territory";"The Fractal Continuum";"Le Continuum fractal";"Continuo Fractal (inglés transcrito)";"Continuo Fractal";"Continuidad Fractal";"";"Continuo Fractal";"";"";"フラクタル・コンティニアム";"PlaceName#2148.0";"duty,map,marker,territory"
"territory";"The Fringes";"Les Marges";"Zona fronteriza de Gyr Abania";"Las Fronteras";"Los Confines";"Fringes";"Las Fronteras";"las Fringes";"";"ギラバニア辺境地帯";"PlaceName#2406.0";"duty,map,marker,territory"
"territory";"The Gandof Thunder Plains";"Plaine foudroyée de Gandof";"Llanuras del trueno de Gandof";"Llanuras del Trueno de Gandof";"Llanuras Fulminantes de Gandof";"";"Llanuras del Trueno de Gandof";"";"";"ガンドフ雷平原";"PlaceName#3468.0";"duty,map,territory"
"territory";"The Garden of Nowhere";"Jardin du désespoir";"Jardín de la desesperación";"Jardín de Ninguna Parte";"Jardín de la Nada";"";"Jardín de Ninguna Parte";"";"";"絶望の園";"PlaceName#3635.0";"duty,map,territory"
"territory";"The Gates of Pandæmonium";"Limbes du Pandæmonium - Parvis";"Puerta principal de Pandæmonium";"Puertas de Pandæmonium";"Portal de Pandæmonium";"";"Puertas de Pandæmonium";"";"";"パンデモニウム正門";"PlaceName#3769.0,PlaceName#4033.0";"duty,map,marker,territory"
"territory";"The Ghimlyt Dark";"Les Ténèbres de Ghimlyt";"Oscuridad de Ghimlyt (inglés transcrito)";"Oscuridad de Ghimlyt";"Tinieblas de Ghimlyt";"";"Oscuridad de Ghimlyt";"";"";"ギムリトダーク";"PlaceName#2586.0";"duty,map,marker,territory"
"territory";"The Gilded Araya";"Temple d'Araya";"Pagoda del tesoro de Araya";"Araya Dorada";"Templo Dorado de Araya";"";"Araya Dorada";"";"";"アラヤの宝塔";"PlaceName#4377.0";"duty,map,territory"
"territory";"The Goblet";"La Coupe";"Butte de la Copa (inglés transcrito)";"La Copa";"El Cáliz";"";"El Cáliz";"";"";"ゴブレットビュート";"PlaceName#427.0,PlaceName#1163.0";"map,mapsub,marker,territory"
"territory";"The Gold Saucer";"Gold Saucer";"Platillo Dorado (inglés transcrito)";"Platillo Dorado";"Platillo de Oro";"Gold Saucer";"Gold Saucer";"Gold Saucer";"Protegido en el glosario; revisar esa protección si se traduce. Gold Saucer está protegido en el glosario. Cualquier cambio requiere actualizar esa decisión.";"ゴールドソーサー";"PlaceName#1484.0,PlaceName#5545.0";"aetheryte,duty,map,mapsub,marker,territory"
"territory";"The Grand Cosmos";"Cosmos coruscant";"Gran Cosmos (nombre transcrito)";"Gran Cosmos";"Gran Universo";"";"Gran Cosmos";"";"";"グラン・コスモス";"PlaceName#3385.0";"duty,map,marker,territory"
"territory";"The Great Gubal Library";"Grande bibliothèque de Gubal";"Biblioteca fantástica de Gubal";"Gran Biblioteca de Gubal";"Biblioteca Mayor de Gubal";"";"Gran Biblioteca de Gubal";"";"";"グブラ幻想図書館";"PlaceName#2038.0";"duty,map,marker,territory"
"territory";"The Great Hunt";"Domaine du roi des cieux";"Coto de caza de la gran pradera";"La Gran Cacería";"La Gran Caza";"";"La Gran Cacería";"";"";"大草原の狩場";"PlaceName#2448.0";"duty,map,territory"
"territory";"The Halo";"Halo pinaculaire / Pont supérieur d'Éden";"Cubierta de Edén";"El Halo";"La Aureola";"";"El Halo";"";"Nombre compartido por ubicaciones distintas; conservar el contexto por gameKey.";"エデン甲板";"PlaceName#3215.0,PlaceName#3470.0";"duty,map,territory"
"territory";"The Heroes' Gauntlet";"Traversée de Norvrandt";"Batalla decisiva de oscuridad, Norvrandt";"Prueba de los Héroes";"Travesía de los Héroes";"";"Prueba de los Héroes";"";"";"漆黒決戦 ノルヴラント";"PlaceName#3511.0";"duty,map,marker,territory"
"territory";"The Hollow Purgatory";"Bloc des créations arborescentes";"Bloque de aislamiento del árbol de la creación";"Purgatorio Hueco";"Purgatorio Vacuo";"";"Purgatorio Hueco";"";"";"創生樹隔離棟";"PlaceName#4198.0";"duty,map,territory"
"territory";"The Holocharts";"Salle de contrôle RCI-03";"Tercera nave de clase Ragnarok: sala de operaciones";"Sala de Holomapas";"Sala de Cartografía Holográfica";"";"Sala de Holomapas";"";"";"ラグナロク級三番艦：作戦室";"PlaceName#1304.0";"duty,map,marker,territory"
"territory";"The Hourglass";"Le Sablier";"Posada «Reloj de Arena»";"El Reloj de Arena";"Posada del Reloj de Arena";"";"El Reloj de Arena";"el Reloj de Arena";"";"宿屋「砂時計亭」";"PlaceName#617.0";"map,marker,territory"
"territory";"The House of the Fierce";"Cercle des Intrépides";"Ermita de los héroes resueltos";"Casa de los Intrépidos";"Refugio de los Valientes";"";"Casa de los Intrépidos";"la Casa de los Intrépidos";"";"烈士庵";"PlaceName#2805.0";"aetheryte,map,marker,territory"
"territory";"The Howling Eye";"Hurlœil / Hurlœil (abord)";"Periferia del Ojo Aullante / conjunto de torres de piedra del Ojo Aullante";"Ojo Aullante";"Ojo del Aullido";"";"Ojo Aullante";"";"";"ハウリングアイ外縁 / ハウリングアイ石塔群";"PlaceName#361.0,PlaceName#459.0";"duty,map,territory"
"territory";"The Imperial Palace";"Palais impérial";"Castillo magitec de la capital imperial";"Palacio Imperial";"Palacio del Imperio";"";"Palacio Imperial";"";"";"帝都魔導城";"PlaceName#3429.0";"duty,map,territory"
"territory";"The Interdimensional Rift";"Fissure interdimensionnelle";"Intersticio entre dimensiones";"Fisura Interdimensional";"Intersticio Dimensional";"";"Fisura Interdimensional";"";"";"次元の狭間";"PlaceName#2284.0,PlaceName#2727.0,PlaceName#2737.0,PlaceName#4288.0";"duty,map,territory"
"territory";"The Jade Stoa";"Clairière de Jade";"Bambusal del emperador blanco";"Estoa de Jade";"Pórtico de Jade";"";"El Claro de Jade";"";"";"白帝の竹林";"PlaceName#2354.0";"duty,map,territory"
"territory";"The Keeper of the Lake";"Gardien du lac";"Torre del pacto tácito";"Guardián del Lago";"Custodio del Lago";"";"Guardián del Lago";"";"";"黙約の塔";"PlaceName#418.0";"duty,map,marker,territory"
"territory";"The Last Trace";"Vestiges oubliés";"Ruinas perdidas";"Último Vestigio";"Última Huella";"";"Último Vestigio";"";"";"失われた遺跡";"PlaceName#3542.0";"duty,map,marker,territory"
"territory";"The Lavender Beds";"Lavandière";"Lechos de Lavanda (inglés transcrito)";"Lavandales";"Jardines de Lavanda";"Lechos de Lavanda";"Las Camas de Lavanda";"";"";"ラベンダーベッド";"PlaceName#426.0,PlaceName#1165.0";"map,mapsub,marker,territory"
"territory";"The Lightfeather Proving Grounds";"Carrière de Lesteplume";"Arena Pluma Ligera";"Campo de Pruebas de Pluma Ligera";"Arena de Pluma Ligera";"";"Arena de Pluma Ligera";"";"";"ライトフェザー闘技場";"PlaceName#2313.0,PlaceName#2338.0";"map,marker,territory"
"territory";"The Limitless Blue";"L'Immensité bleue";"Espacio aéreo azul ultramar";"Azul Infinito";"Inmensidad Azul";"";"Inmensidad Azul";"";"";"群青空域";"PlaceName#2151.0";"duty,map,territory"
"territory";"The Lochs";"Les Lacs";"Zona lacustre de Gyr Abania";"Los Lagos";"Las Lagunas";"Lochs";"Los Lagos";"los Lochs";"";"ギラバニア湖畔地帯";"PlaceName#2408.0";"duty,map,marker,territory"
"territory";"The Lost Canals of Uznair";"Canaux perdus d'Uznair";"Canal de Uznair (inglés transcrito)";"Canales Perdidos de Uznair";"Canales Olvidados de Uznair";"";"Canales Perdidos de Uznair";"";"";"ウズネアカナル";"PlaceName#2340.0";"duty,map,territory"
"territory";"The Lost City of Amdapor";"Vestiges de la cité d'Amdapor";"Ciudad antigua de Amdapor; variante con «ruinas corrompidas»";"Ciudad Perdida de Amdapor";"Antigua Ciudad de Amdapor";"";"Ciudad Perdida de Amdapor";"";"";"古アムダプール市街 / 腐敗遺跡 古アムダプール市街";"PlaceName#125.0,PlaceName#1069.0";"duty,map,marker,territory"
"territory";"The Lunar Subterrane";"Souterrain lunaire";"Valle subterráneo de la luna";"Subterráneos Lunares";"Subsuelo Lunar";"";"Subterráneos Lunares";"";"";"月の地下渓谷";"PlaceName#4431.0,PlaceName#4432.0,PlaceName#4438.0";"duty,map,mapsub,marker,territory"
"territory";"The Maiden's Home";"Appartements de la belle demoiselle";"Casa de la hermosa muchacha";"Hogar de la Doncella";"Casa de la Doncella";"";"Hogar de la Doncella";"";"";"美しい娘の家";"PlaceName#4764.0";"map,territory"
"territory";"The Manderville Tables";"Tables des Manderville";"Mesa Manderville / salón de mahjong magitec «Manderville»";"Mesas Manderville";"Salón de Juego Manderville";"";"Mesas Manderville";"";"";"テーブル・マンダヴィル / 魔導雀荘「マンダヴィル」";"PlaceName#1498.0,PlaceName#2549.0";"duty,marker,territory"
"territory";"The Memory of Embers";"Interstice du chant onirique";"Espacio de la imaginación poética";"Recuerdo de las Brasas";"Memoria de las Ascuas";"";"Memoria de las Ascuas";"";"";"詩想空間";"PlaceName#4442.0";"duty,map,territory"
"territory";"The Meso Terminal";"Mésoterminal";"Terminal principal (inglés transcrito)";"Mesoterminal";"Terminal Central";"";"Mesoterminal";"Meso Terminal";"Protegido en el glosario; revisar esa protección si se traduce.";"メインターミナル";"PlaceName#5266.0";"duty,map,marker,territory"
"territory";"The Mothercrystal";"Cristal-mère";"Cristal Madre (inglés transcrito)";"Cristal Madre";"Cristal Primigenio";"";"Cristal Madre";"Cristal Madre";"";"マザークリスタル";"PlaceName#3685.0";"duty,map,territory"
"territory";"The Nabaath Mines";"Mines des Nabaath";"Minas de la familia Nabaath";"Minas de los Nabaath";"Minas Nabaath";"";"Minas de los Nabaath";"";"";"ナバース家の鉱山";"PlaceName#3226.0";"duty,map,territory"
"territory";"The Navel";"Le Nombril";"Templo del cráter de O'Ghomoro";"El Ombligo";"Ombligo de la Tierra";"";"El Ombligo";"";"";"オ・ゴモロ火口神殿";"PlaceName#359.0";"duty,map,territory"
"territory";"The Nereus Trench";"Fosse de Nérée";"Abismo marino de Nereus";"Fosa de Nereus";"Abismo de Nereus";"";"Fosa de Nereus";"";"";"ネレウス海淵";"PlaceName#3216.0";"duty,map,territory"
"territory";"The Nethergate";"Porte des Dieux";"Sala de la puerta divina";"Puerta del Más Allá";"Portal del Inframundo";"";"Puerta del Más Allá";"";"";"神門の間";"PlaceName#4024.0";"map,marker,territory"
"territory";"The Ocular";"L'Observatoire";"Sala para observar las estrellas";"El Ocular";"Observatorio";"Óculo";"El Ocular";"el Óculo";"";"星見の間 ";"PlaceName#3223.0";"map,marker,territory"
"territory";"The Omphalos";"Omphalos";"Omphalos (nombre transcrito)";"Ónfalo";"El Ónfalo";"";"Ónfalo";"";"";"オムファロス";"PlaceName#4031.0,PlaceName#4449.0,PlaceName#4455.0";"map,mapsub,marker,territory"
"territory";"The Orbonne Monastery";"Monastère d'Orbonne";"Monasterio de Orbonne; variante con «monasterio del placer»";"Monasterio de Orbonne";"Abadía de Orbonne";"";"Monasterio de Orbonne";"";"";"オーボンヌ修道院 / 楽欲の僧院 オーボンヌ";"PlaceName#2864.0,PlaceName#2866.0";"duty,map,mapsub,marker,territory"
"territory";"The Outer Coil";"L'Écheveau";"Espiral de Contención (inglés transcrito)";"Espiral Exterior";"Anillo Exterior";"";"Espiral Exterior";"";"";"バインディングコイル";"PlaceName#1302.0";"duty,map,territory"
"territory";"The Palace of the Dead";"Palais des morts";"Palacio de los muertos";"Palacio de los Muertos";"Palacio de los Difuntos";"";"Palacio de los Muertos";"";"";"死者の宮殿";"PlaceName#1793.0";"duty,map,territory"
"territory";"The Palaistra";"Le Palestre";"Palestra (nombre transcrito)";"La Palestra";"Arena de Entrenamiento";"";"La Palestra";"";"";"パライストラ";"PlaceName#4090.0";"duty,map,territory"
"territory";"The Parrock";"Le Paddock";"Base de amarre Parrock";"El Aprisco";"El Cercado";"";"El Aprisco";"";"";"パロック繋留基地";"PlaceName#1803.0";"map,marker,territory"
"territory";"The Pâtisserie";"Pâtisserie de la Valention";"Pastelería de Valentione (nombre transcrito)";"La Pastelería";"La Confitería";"";"La Pastelería";"";"";"ヴァレンティオンパティスリー";"PlaceName#5278.0";"duty,map,territory"
"territory";"The Peaks";"Les Pics";"Zona montañosa de Gyr Abania";"Los Picos";"Las Cumbres";"Peaks";"Los Picos";"los Peaks";"";"ギラバニア山岳地帯";"PlaceName#2407.0";"duty,map,marker,territory"
"territory";"The Pendants Personal Suite";"Les Pendants";"Residencia Los Colgantes: habitación";"Suite de los Colgantes";"Aposentos de los Colgantes";"";"Aposentos de los Colgantes";"";"";"ペンダント居住館：居室";"PlaceName#3222.0";"map,territory"
"territory";"The Pestilent Purgatory";"Bloc des organismes parasites";"Bloque de aislamiento de organismos parásitos";"Purgatorio Pestilente";"Purgatorio de la Pestilencia";"";"Purgatorio Pestilente";"";"";"寄生生物隔離棟";"PlaceName#4196.0";"duty,map,territory"
"territory";"The Phantoms' Feast";"Banquet cauchemardesque";"Festín Encantado (inglés transcrito)";"Festín de los Fantasmas";"Banquete de los Espectros";"";"Festín de los Fantasmas";"";"";"ホーンテッドフィースト";"PlaceName#3696.0";"duty,map,territory"
"territory";"The Pillars";"Ishgard - Les Contreforts";"Ishgard: nivel superior";"Los Pilares";"Ishgard: Los Pilares";"";"Los Pilares";"";"";"イシュガルド：上層";"PlaceName#2301.0";"duty,map,marker,territory"
"territory";"The Praetorium";"Praetorium";"Castillo magitec Praetorium";"El Pretorio";"Pretorio";"";"Praetorium";"";"";"魔導城プラエトリウム";"PlaceName#430.0,PlaceName#440.0";"duty,map,marker,territory"
"territory";"The Puppets' Bunker";"Base militaire des Pantins";"Base militar de los muñecos";"Búnker de los Títeres";"Búnker de las Marionetas";"";"Base Militar de las Marionetas";"the Puppets' Bunker";"Protegido en el glosario; revisar esa protección si se traduce.";"人形タチノ軍事基地";"PlaceName#3492.0,PlaceName#3576.0";"duty,map,marker,territory"
"territory";"The Qitana Ravel";"Enchevêtrement des Qitari";"Cueva de las sombras divinas de Qitana";"Enredo de Qitana";"Laberinto de Qitana";"";"Enredo de Qitana";"";"";"キタンナ神影洞";"PlaceName#3018.0";"duty,map,mapsub,marker,territory"
"territory";"The Rak'tika Greatwood";"Rak'tika";"Gran bosque de Rak'tika";"Gran Bosque de Rak'tika";"Floresta de Rak'tika";"Gran Selva de Rak'tika";"Gran Bosque de Rak'tika";"la Gran Selva de Rak'tika";"";"ラケティカ大森林";"PlaceName#2957.0";"duty,map,marker,territory"
"territory";"The Red Moon";"Lune rouge";"Luna roja";"Luna Roja";"Luna Carmesí";"";"Luna Roja";"";"";"赤き月";"PlaceName#4382.0";"map,marker,territory"
"territory";"The Red Sands";"Les Sables sanglants";"Arenas Rojas (inglés transcrito)";"Arenas Rojas";"Arenas Carmesíes";"";"Arenas Rojas";"";"";"レッド・サンズ";"PlaceName#4094.0";"duty,map,territory"
"territory";"The Resonatorium";"Laboratoire impérial d'étude sur les Résonnants";"Instituto de investigación de tecnología de trascendencia";"Resonatorio";"Laboratorio de Resonancia";"";"Resonatorio";"";"";"超越技術研究所";"PlaceName#2296.0";"map,territory"
"territory";"The Ridorana Cataract";"Cataractes de Ridorana";"Gran catarata de Ridorana";"Catarata de Ridorana";"Cataratas de Ridorana";"";"Catarata de Ridorana";"";"";"リドルアナ大瀑布";"PlaceName#2451.0";"map,mapsub,marker,territory"
"territory";"The Ridorana Lighthouse";"Le Phare de Ridorana";"Torre sagrada sellada, Ridorana";"Faro de Ridorana";"Gran Faro de Ridorana";"";"Faro de Ridorana";"The Ridorana Lighthouse";"Protegido en el glosario; revisar esa protección si se traduce.";"封じられた聖塔 リドルアナ";"PlaceName#2483.0";"duty,map,marker,territory"
"territory";"The Rising Stones";"Refuge des roches";"Casa de la piedra";"Refugio de las Rocas";"Piedras del Amanecer";"Refugio de las Piedras";"Refugio de las Rocas";"el Refugio de las Piedras";"";"石の家";"PlaceName#481.0";"map,marker,territory"
"territory";"The Roost";"Le Perchoir";"Posada «La Percha»";"El Nido";"La Percha";"Nidal";"La Percha";"el Nidal";"";"旅館「とまり木」";"PlaceName#151.0,PlaceName#548.0";"map,marker,territory"
"territory";"The Royal Airship Landing";"Aérodrome royal";"Embarcadero real de aeronaves de Ala Mhigo";"Embarcadero Real de Aeronaves";"Aeródromo Real";"";"Embarcadero Real de Aeronaves";"";"";"アラミゴ王立飛空艇発着場";"PlaceName#2708.0";"duty,map,territory"
"territory";"The Royal City of Rabanastre";"Cité royale de Rabanastre";"Capital perdida, Rabanastre";"Ciudad Real de Rabanastre";"Capital Real de Rabanastre";"";"Ciudad Real de Rabanastre";"";"";"失われた都 ラバナスタ";"PlaceName#2372.0";"duty,map,marker,territory"
"territory";"The Royal Menagerie";"Ménagerie royale";"Jardín de la azotea del palacio real de Ala Mhigo";"Jardín Zoológico Real";"Casa de Fieras Real";"Jardín de Fieras Real";"Jardín Zoológico Real";"";"";"アラミゴ王宮屋上庭園";"PlaceName#2709.0";"map,territory"
"territory";"The Ruby Sea";"Mer de Rubis";"Mar del rubí";"Mar de Rubí";"Mar Rubí";"Mar de los Rubíes";"Mar de Rubí";"el Mar de Rubí";"";"紅玉海";"PlaceName#2409.0,PlaceName#4365.0";"duty,map,marker,territory"
"territory";"The Sanguine Limbo";"Limbes du Pandæmonium - Abîme";"Pandæmonium: nivel profundo del limbo";"Limbo Sangriento";"Limbo de Sangre";"";"Limbo Sangriento";"";"";"パンデモニウム辺獄深層";"PlaceName#4135.0";"duty,map,territory"
"territory";"The Sea of Clouds";"L'Écume des cieux d'Abalathia";"Mar de nubes de Abalathia";"Mar de Nubes";"Mar de Nubes de Abalathia";"";"Mar de Nubes";"Mar de Nubes";"Distinguirlo de The Churning Mists.";"アバラシア雲海";"PlaceName#2100.0";"duty,map,marker,territory"
"territory";"The Seat of Sacrifice";"Le Trône du Sacrifice";"Trono del primer emperador";"Trono del Sacrificio";"Sede del Sacrificio";"";"Trono del Sacrificio";"";"";"始皇帝の玉座";"PlaceName#3568.0";"duty,map,territory"
"territory";"The Shifting Altars of Uznair";"Temple sacré d'Uznair";"Santuario del canal de Uznair";"Altares Cambiantes de Uznair";"Altares Móviles de Uznair";"";"Templo sagrado de Uznair";"";"";"ウズネアカナル祭殿";"PlaceName#2485.0";"duty,map,territory"
"territory";"The Shifting Gymnasion Agonon";"Elpis Gymnasion";"Santuario del gimnasio de Elpis";"Gimnasio Cambiante de Agonon";"Gymnasion Agonon Cambiante";"";"Gimnasio de Elpis";"";"";"エルピス・ギュムナシオン祭殿";"PlaceName#4287.0";"duty,map,territory"
"territory";"The Shifting Oubliettes of Lyhe Ghiah";"Jardin secret du Lyhe Ghiah";"Santuario de la mazmorra de Lyhe Ghiah";"Calabozos Cambiantes de Lyhe Ghiah";"Mazmorras Móviles de Lyhe Ghiah";"";"Jardín secreto de Lyhe Ghiah";"";"";"リェー・ギア・ダンジョン祭殿";"PlaceName#3644.0";"duty,map,territory"
"territory";"The Sil'dihn Subterrane";"Canalisations sildiennes";"Canales de Sil'dih";"Subterráneos de Sil'dih";"Canales de Sil'dih";"";"Canales de Sil'dih";"Sil'dihn Subterrane";"Protegido en el glosario; revisar esa protección si se traduce.";"シラディハ水道";"PlaceName#4199.0";"duty,map,territory"
"territory";"The Sirensong Sea";"Mer du Chant des sirènes";"Mar de las sirenas";"Mar del Canto de las Sirenas";"Mar del Canto de Sirena";"";"Mar del Canto de las Sirenas";"";"";"セイレーン海";"PlaceName#2297.0,PlaceName#4363.0";"duty,map,territory"
"territory";"The Skydeep Cenote";"Cénote des Cieux infinis";"Cenote de la profundidad celeste";"Cenote de los Cielos Profundos";"Cenote del Abismo Celeste";"";"Cenote de los Cielos Profundos";"Skydeep Cenote";"Protegido en el glosario; revisar esa protección si se traduce.";"天深きセノーテ";"PlaceName#4638.0,PlaceName#5027.0";"duty,map,marker,territory"
"territory";"The Stagnant Limbo";"Limbes du Pandæmonium - Cloaque";"Pandæmonium: canal del limbo";"Limbo Estancado";"Limbo Inmóvil";"";"Limbo Estancado";"";"";"パンデモニウム辺獄水道";"PlaceName#3798.0";"duty,map,territory"
"territory";"The Stigma Dreamscape";"Rêve électrique de Stigma-4";"Stigma Cuatro (inglés transcrito)";"Sueño de Stigma";"Paisaje Onírico de Stigma";"";"Sueño de Stigma";"";"";"スティグマ・フォー";"PlaceName#3783.0";"duty,map,marker,territory"
"territory";"The Striking Tree";"Arbre du jugement";"Lugar del juicio divino del árbol antiguo";"Árbol del Juicio";"Árbol Fulminante";"";"Árbol del Juicio";"";"";"古木の神判地";"PlaceName#1363.0";"duty,map,territory"
"territory";"The Sunken Temple of Qarn";"Temple enseveli de Qarn";"Templo sepultado de Qarn; variante con «exploración de ruinas»";"Templo Sepultado de Qarn";"Templo Hundido de Qarn";"Templo Enterrado de Qarn";"Templo Sepultado de Qarn";"";"";"カルン埋没寺院 / 遺跡探索 カルン埋没寺院";"PlaceName#50.0,PlaceName#312.0,PlaceName#1058.0";"duty,map,marker,territory"
"territory";"The Swallow's Compass";"Compas de l'Hirondelle";"Mausoleo de Ganen";"Brújula de la Golondrina";"Compás de la Golondrina";"";"Brújula de la Golondrina";"";"";"ガンエン廟";"PlaceName#2437.0,PlaceName#2801.0";"duty,map,mapsub,marker,territory"
"territory";"The Syrcus Trench";"Gorge de Syrcus";"Garganta de Syrcus";"Fosa de Syrcus";"Garganta de Syrcus";"";"Fosa de Syrcus";"";"";"シルクスの峡間";"PlaceName#3221.0";"map,marker,territory"
"territory";"The Tam-Tara Deepcroft";"Hypogée de Tam-Tara";"Sepulcro de Tam-Tara; variante con «mausoleo subterráneo»";"Cripta de Tam-Tara";"Sepulcro de Tam-Tara";"Hipogeo de Tam-Tara";"Cripta de Tam-Tara";"";"";"タムタラの墓所 / 地下霊殿 タムタラの墓所";"PlaceName#58.0,PlaceName#97.0,PlaceName#1051.0";"duty,map,marker,territory"
"territory";"The Tempest";"La Tempête";"Tempestad (inglés transcrito)";"La Tempestad";"La Tormenta";"";"La Tempestad";"la Tempestad";"The Tempest designa una zona, no un fenómeno meteorológico en esta fila.";"テンペスト";"PlaceName#2958.0";"duty,map,marker,territory"
"territory";"The Temple of the Fist";"Temple du Poing";"Templo de la montaña que guía las estrellas; variante con nota de desarrollo sobre el nombre de la instancia";"Templo del Puño";"Templo del Puño Cerrado";"";"Templo del Puño";"the Temple of the Fist";"Protegido en el glosario; revisar esa protección si se traduce.";"星導山寺院 / 星導山寺院　　　コンテンツ名は「壊神修行 星導山寺院」";"PlaceName#1924.0,PlaceName#2707.0";"duty,map,marker,territory"
"territory";"The Thousand Maws of Toto-Rak";"Mille Gueules de Toto-Rak";"Las mil prisiones de Toto-Rak; variante con «ruinas de una prisión»";"Las Mil Fauces de Toto-Rak";"Las Mil Bocas de Toto-Rak";"";"Las Mil Fauces de Toto-Rak";"";"";"トトラクの千獄 / 監獄廃墟 トトラクの千獄";"PlaceName#61.0,PlaceName#120.0,PlaceName#1050.0";"duty,map,marker,territory"
"territory";"The Thundering";"Ring du Tonnerre terrifiant";"Ring del Trueno (inglés transcrito)";"Cuadrilátero del Trueno";"Ring del Estruendo";"";"Cuadrilátero del Trueno";"";"";"リング・オブ・サンダー";"PlaceName#5103.0";"duty,map,territory"
"territory";"The Tower at Paradigm's Breach";"Tour de la Contingence";"Batería de la esperanza: «Torre»";"Torre de la Ruptura del Paradigma";"Torre de la Brecha del Paradigma";"";"Torre de la Ruptura del Paradigma";"";"";"希望ノ砲台：「塔」";"PlaceName#3647.0";"duty,map,marker,territory"
"territory";"The Tower of Babil";"Tour de Babil";"Torre de Babil";"Torre de Babil";"Torre Babil";"";"Torre de Babil";"";"";"バブイルの塔";"PlaceName#3923.0,PlaceName#4118.0";"duty,map,marker,territory"
"territory";"The Tower of Zot";"Tour de Zott";"Torre de Zot";"Torre de Zot";"Torre Zot";"";"Torre de Zot";"";"";"ゾットの塔";"PlaceName#3736.0,PlaceName#3890.0";"duty,map,marker,territory"
"territory";"The Twinning";"Macle de Syrcus";"Macla de Syrcus (inglés transcrito)";"La Macla";"Gemelación de Syrcus";"";"La Macla";"";"";"シルクス・ツイニング";"PlaceName#2982.0";"duty,map,marker,territory"
"territory";"The Underkeep";"Gardienne de l'Immémorial";"Fortaleza Inferior (nombre inglés transcrito)";"Fortaleza Subterránea";"Bastión Subterráneo";"";"Fortaleza Subterránea";"";"";"アンダーキープ";"PlaceName#5156.0";"duty,map,marker,territory"
"territory";"The Unmaking";"Domaine du néant";"Dominio de la nada";"La Disolución";"La Descreación";"";"Dominio de la nada";"";"";"無の領域";"PlaceName#4766.0";"duty,map,territory"
"territory";"The Vault";"La Voûte";"Sede pontificia de Ishgard";"La Bóveda";"Bóveda Sagrada";"";"La Bóveda";"";"";"イシュガルド教皇庁";"PlaceName#2327.0";"duty,map,marker,territory"
"territory";"The Voidcast Dais";"Hypercube de Golbez";"Círculo mágico cúbico";"Estrado del Vacío";"Plataforma del Vacío";"";"Estrado del Vacío";"";"";"立方魔法陣";"PlaceName#4296.0";"duty,map,territory"
"territory";"The Volcanic Heart";"Le Cœur volcanique";"Corazón Volcánico (inglés transcrito)";"Corazón Volcánico";"Corazón del Volcán";"";"Corazón Volcánico";"";"";"ヴォルカニック・ハート";"PlaceName#4091.0";"duty,map,territory"
"territory";"The Waking Sands";"Refuge des sables";"Casa de la arena";"Refugio de las Arenas";"Arenas del Despertar";"";"Refugio de las Arenas";"el Refugio de las Arenas";"";"砂の家";"PlaceName#356.0,PlaceName#472.0";"map,marker,territory"
"territory";"The Wanderer's Palace";"Palais du Vagabond";"Palacio del Vagabundo (inglés transcrito); variante con «santuario del dios viajero»";"Palacio del Vagabundo";"Palacio del Errante";"";"Palacio del Errante";"";"";"ワンダラーパレス / 旅神聖域 ワンダラーパレス";"PlaceName#37.0,PlaceName#240.0,PlaceName#1059.0";"duty,map,marker,territory"
"territory";"The Weeping City of Mhach";"Cité défendue de Mhach";"Ciudad prohibida de Mhach";"Ciudad Llorosa de Mhach";"Ciudad Doliente de Mhach";"";"Ciudad Doliente de Mhach";"";"";"禁忌都市マハ";"PlaceName#1742.0";"duty,map,marker,territory"
"territory";"The Weeping Saint";"Le Saint affligé";"Lágrimas de san Daniffen";"El Santo Lloroso";"Lágrimas del Santo";"";"El Santo Afligido";"";"";"聖ダナフェンの落涙";"PlaceName#392.0";"duty,marker,territory"
"territory";"The Whorleater";"Briseur de marées";"Catamarán contra Leviatán";"Devoravorágines";"Rompeolas";"";"El Devorador de Torbellinos";"";"";"対リヴァイアサン双胴船";"PlaceName#1334.0";"duty,map,territory"
"territory";"The Windward Wilds";"Plaines venteuses";"Páramo de la separación";"Tierras de Barlovento";"Páramos del Viento";"";"Tierras de Barlovento";"";"";"隔ての荒地";"PlaceName#5276.0";"duty,map,marker,territory"
"territory";"The World of Darkness";"Monde des Ténèbres";"Mundo de la oscuridad";"Mundo de la Oscuridad";"Mundo de las Tinieblas";"";"Mundo de la Oscuridad";"";"";"闇の世界";"PlaceName#1431.0";"duty,map,territory"
"territory";"The Wreath of Snakes";"Sanctuaire du Grand Serpent";"Gran santuario del dios serpiente";"Corona de Serpientes";"Guirnalda de Serpientes";"";"Corona de Serpientes";"";"";"蛇神大社";"PlaceName#2510.0";"duty,map,territory"
"territory";"The X-Ring";"Ring extrême";"Ring de lo Extremo (inglés transcrito)";"Cuadrilátero Extremo";"Ring Extremo";"";"Ring Extremo";"";"";"リング・オブ・エクストリーム";"PlaceName#5370.0";"duty,map,territory"
"territory";"Third Board of the Unbroken";"3e plateau";"Entrenamiento de combate de bestias: tercer tablero";"Tercer Tablero de los Invictos";"Tercer Tablero de los Indómitos";"Tercer Tablero de los Inquebrantables";"Tercer Tablero de los Inquebrantables";"Tercer Tablero de los Inquebrantables";"";"闘獣練 第三盤";"PlaceName#5599.0";"duty,map,territory"
"territory";"Thornmarch";"Lisière de ronces";"Jardín de espinos";"Linde de Espinos";"Linde Espinosa";"";"Linde de Espinos";"";"";"茨の園";"PlaceName#360.0";"duty,map,territory"
"territory";"Throne Room";"Salle du trône / Salle du trône séculaire";"Sala del trono / sala del rey";"Sala del Trono";"Salón del Trono";"";"Sala del Trono";"";"";"玉座の間 / 王の間";"PlaceName#4760.0,PlaceName#5144.0";"map,mapsub,marker,territory"
"territory";"Topmast Apartment";"Le Mât de hune (appartement)";"Mastelero: habitación";"Apartamento del Mastelero";"Apartamento del Palo de Hune";"";"Apartamento del Mastelero";"";"";"トップマスト：部屋";"PlaceName#1812.0";"map,territory"
"territory";"Topmast Apartment Lobby";"Le Mât de hune (hall)";"Mastelero: vestíbulo";"Vestíbulo de los Apartamentos del Mastelero";"Vestíbulo del Mastelero";"";"Vestíbulo de los Apartamentos del Mastelero";"";"Coordinar Topmast en vestíbulo, apartamento y nombre del edificio.";"トップマスト：ロビー";"PlaceName#1811.0";"map,territory"
"territory";"Transmission Control";"Salle de contrôle";"Sala de control de la torre de ondas de comunicación";"Control de Transmisiones";"Sala de Transmisiones";"";"Control de Transmisiones";"";"";"交信雷波塔管制室";"PlaceName#3486.0";"duty,map,territory"
"territory";"Transparency";"Transparence";"Espacio cristalizado";"Transparencia";"La Transparencia";"";"Transparencia";"";"";"結晶化空間";"PlaceName#2715.0";"duty,map,territory"
"territory";"Trial's Threshold";"Antichambre de l'épreuve";"Antesala que mide la virtud";"Umbral de la Prueba";"Antesala de la Prueba";"";"Umbral de la Prueba";"";"";"徳測りし前室";"PlaceName#3471.0";"duty,map,territory"
"territory";"Tritails Training";"Trois Queues";"Gimnasio Tres Colas (nombre inglés transcrito)";"Gimnasio Tres Colas";"Centro de Entrenamiento Tres Colas";"";"Gimnasio Tres Colas";"";"";"ジム・トライテール";"PlaceName#4655.0";"map,marker,territory"
"territory";"Twin Adder Barracks";"Caserne de l'ordre des Deux Vipères";"Cuartel de la orden de las serpientes gemelas";"Cuartel de las Dos Víboras";"Barracones de las Dos Víboras";"";"Cuartel de las Dos Víboras";"";"";"双蛇党兵舎";"PlaceName#1800.0";"map,marker,territory"
"territory";"Ul'dah - Steps of Nald";"Ul'dah - Faubourg de Nald";"Ul'dah: corredor de Nald";"Ul'dah: Pasos de Nald";"Ul'dah: Galería de Nald";"Ul'dah: Barrio de Nald";"Ul'dah - Escalinatas de Nald";"";"";"ウルダハ：ナル回廊";"PlaceName#40.0";"aetheryte,duty,map,marker,territory"
"territory";"Ul'dah - Steps of Thal";"Ul'dah - Faubourg de Thal";"Ul'dah: corredor de Thal";"Ul'dah: Pasos de Thal";"Ul'dah: Galería de Thal";"Ul'dah: Barrio de Thal";"Ul'dah - Escalinatas de Thal";"";"";"ウルダハ：ザル回廊";"PlaceName#41.0";"duty,map,marker,territory"
"territory";"Ultimacy";"Fantasmagorie d'Ultima";"Fantasía prohibida";"Ultimidad";"Fantasía de Ultima";"";"Fantasía de Ultima";"";"";"禁絶幻想";"PlaceName#2449.0";"duty,map,territory"
"territory";"Unmoored Isle";"Île flottante sans nom";"Isla flotante sin nombre";"Isla a la Deriva";"Isla sin Amarras";"";"Isla a la Deriva";"";"";"名もなき浮島";"PlaceName#4963.0";"duty,map,territory"
"territory";"Unnamed Island";"Île sans nom";"Isla sin nombre";"Isla sin Nombre";"Isla Anónima";"";"Isla sin Nombre";"";"";"名もなき島";"PlaceName#4043.0,PlaceName#5531.0";"map,territory"
"territory";"Upper Aetheroacoustic Exploratory Site";"Site impérial d'exploration supérieur";"Galería de exploración del Meteoro: zona superficial";"Zona Superior de Exploración Eteroacústica";"Yacimiento Superior de Exploración Eteroacústica";"";"Zona Superior de Exploración Eteroacústica";"";"";"メテオ探査坑浅部";"PlaceName#464.0";"duty,map,territory"
"territory";"Upper La Noscea";"Haute-Noscea";"Tierras altas de La Noscea";"Alta La Noscea";"Tierras Altas de La Noscea";"";"Alta La Noscea";"las Tierras Altas de La Noscea";"";"高地ラノシア";"PlaceName#34.0";"duty,map,marker,territory"
"territory";"Vanguard";"L'Avant-garde";"Vanguardia (inglés transcrito)";"Vanguardia";"La Vanguardia";"";"Vanguardia";"la Vanguardia";"";"ヴァンガード";"PlaceName#4677.0,PlaceName#4909.0";"duty,map,marker,territory"
"territory";"Vault Oneiron";"Coffre d'Oneiron";"Cámara de Oneiron (inglés transcrito)";"Cámara de Oneiron";"Bóveda de Oneiron";"";"Cámara de Oneiron";"";"";"ボルト・オネイロン";"PlaceName#5297.0";"duty,map,territory"
"territory";"Void Ark";"Arche du néant";"Navío mágico Arca del Vacío";"Arca del Vacío";"Arca del Abismo";"";"Arca del Vacío";"";"";"魔航船ヴォイドアーク";"PlaceName#2181.0";"duty,map,marker,territory"
"territory";"Western La Noscea";"Noscea occidentale";"La Noscea occidental";"La Noscea Occidental";"Oeste de La Noscea";"";"La Noscea Occidental";"la Noscea Occidental";"";"西ラノシア";"PlaceName#33.0";"duty,map,marker,territory"
"territory";"Western Thanalan";"Thanalan occidental";"Thanalan occidental";"Thanalan Occidental";"Oeste de Thanalan";"";"Oeste de Thanalan";"";"";"西ザナラーン";"PlaceName#42.0";"duty,map,marker,territory"
"territory";"Windurst: The Third Walk";"Windurst - La troisième perambulation";"Windurst: Tercer Paseo (inglés transcrito)";"Windurst: Tercera Travesía";"Windurst: Tercer Recorrido";"";"Windurst: Tercera Travesía";"";"";"ウィンダス：ザ・サードウォーク";"PlaceName#5510.0";"duty,map,marker,territory"
"territory";"Wolves' Den Pier";"Jetée de l'Antre des loups";"Embarcadero de la Cárcel de los Lobos";"Muelle de la Guarida de los Lobos";"Embarcadero de la Lobera";"";"Muelle de la Guarida de los Lobos";"";"";"ウルヴズジェイル係船場";"PlaceName#358.0";"aetheryte,duty,map,marker,territory"
"territory";"Zero's Domain";"Territoire de Zero";"Dominio de Zero";"Dominio de Zero";"Territorio de Zero";"";"Dominio de Zero";"";"";"ゼロの領域";"PlaceName#4038.0";"map,marker,territory"
"territory";"Zirgorteh the Open-armed";"Autel de Zirgorteh";"Altar de Zirgorteh";"Zirgorteh de los Brazos Abiertos";"Zirgorteh el Acogedor";"Zirgorteh el de los Brazos Abiertos";"Zirgorteh el Acogedor";"Zirgorteh el de los Brazos Abiertos";"";"ジィゴーテー拝壇";"PlaceName#4949.0";"map,territory"
"territory";"Zorgor the Boundless";"Traverse de Zorgor";"Puente de la unión eterna de Zorgor";"Zorgor el Infinito";"Zorgor sin Límites";"";"Zorgor el Infinito";"";"";"ゾーゴー永結橋";"PlaceName#4526.0";"duty,map,marker,territory"
